[{"model": "contas.myuser", "pk": 1, "fields": {"password": "pbkdf2_sha256$600000$ZkazicGHuRSxCNtV6LPpHK$AsgfBw4hRLcO2WGH71HDNuo6DsZ5v88lkOoWR7SpvC8=", "last_login": "2024-07-24T02:53:48.167Z", "is_superuser": true, "username": "leticia", "email": "leticia@gmail.com", "first_name": "leticia", "last_name": "lima", "is_active": true, "is_staff": true, "date_joined": "2023-12-24T00:25:06.515Z", "force_change_password": false, "groups": [1], "user_permissions": []}}, {"model": "contas.myuser", "pk": 2, "fields": {"password": "pbkdf2_sha256$600000$9Pn5ubgNgVHQjMSfHTnyI6$D1iz2zgrr62/h+XS3Ve1WsNoq07yJ0ODlv9wiR/eM2E=", "last_login": "2024-07-24T02:54:21.482Z", "is_superuser": false, "username": "lucas", "email": "lucas@gmail.com", "first_name": "lucas", "last_name": "lima", "is_active": true, "is_staff": false, "date_joined": "2023-12-24T00:46:25.412Z", "force_change_password": false, "groups": [3], "user_permissions": []}}, {"model": "contas.myuser", "pk": 3, "fields": {"password": "pbkdf2_sha256$600000$vik9nzo9TcVtRK5UabJ2LI$acYqWm0fqCHoQDysUkO4xA4fIcn91yBG3qqllgiau10=", "last_login": null, "is_superuser": false, "username": "elisa", "email": "elisa@gmail.com", "first_name": "elisa", "last_name": "lima", "is_active": true, "is_staff": false, "date_joined": "2023-12-24T00:46:50.712Z", "force_change_password": false, "groups": [3], "user_permissions": []}}, {"model": "admin.logentry", "pk": 1, "fields": {"action_time": "2023-12-24T00:45:25.864Z", "user": 1, "content_type": 4, "object_id": "1", "object_repr": "administrador", "action_flag": 1, "change_message": "[{\"added\": {}}]"}}, {"model": "admin.logentry", "pk": 2, "fields": {"action_time": "2023-12-24T00:45:30.748Z", "user": 1, "content_type": 4, "object_id": "2", "object_repr": "colaborador", "action_flag": 1, "change_message": "[{\"added\": {}}]"}}, {"model": "admin.logentry", "pk": 3, "fields": {"action_time": "2023-12-24T00:45:34.798Z", "user": 1, "content_type": 4, "object_id": "3", "object_repr": "usuario", "action_flag": 1, "change_message": "[{\"added\": {}}]"}}, {"model": "admin.logentry", "pk": 4, "fields": {"action_time": "2023-12-24T00:45:43.982Z", "user": 1, "content_type": 1, "object_id": "1", "object_repr": "leticia@gmail.com", "action_flag": 2, "change_message": "[{\"changed\": {\"fields\": [\"Groups\"]}}]"}}, {"model": "admin.logentry", "pk": 5, "fields": {"action_time": "2023-12-24T00:46:25.415Z", "user": 1, "content_type": 1, "object_id": "2", "object_repr": "lucas@gmail.com", "action_flag": 1, "change_message": "[{\"added\": {}}]"}}, {"model": "admin.logentry", "pk": 6, "fields": {"action_time": "2023-12-24T00:46:36.868Z", "user": 1, "content_type": 1, "object_id": "2", "object_repr": "lucas@gmail.com", "action_flag": 2, "change_message": "[{\"changed\": {\"fields\": [\"Groups\"]}}]"}}, {"model": "admin.logentry", "pk": 7, "fields": {"action_time": "2023-12-24T00:46:50.715Z", "user": 1, "content_type": 1, "object_id": "3", "object_repr": "elisa@gmail.com", "action_flag": 1, "change_message": "[{\"added\": {}}]"}}, {"model": "admin.logentry", "pk": 8, "fields": {"action_time": "2023-12-24T00:54:05.107Z", "user": 1, "content_type": 1, "object_id": "3", "object_repr": "elisa@gmail.com", "action_flag": 2, "change_message": "[{\"changed\": {\"fields\": [\"Groups\"]}}]"}}, {"model": "admin.logentry", "pk": 9, "fields": {"action_time": "2023-12-24T00:54:50.573Z", "user": 1, "content_type": 13, "object_id": "1", "object_repr": "home", "action_flag": 1, "change_message": "[{\"added\": {}}]"}}, {"model": "admin.logentry", "pk": 10, "fields": {"action_time": "2023-12-24T00:54:54.446Z", "user": 1, "content_type": 13, "object_id": "2", "object_repr": "sobre", "action_flag": 1, "change_message": "[{\"added\": {}}]"}}, {"model": "admin.logentry", "pk": 11, "fields": {"action_time": "2023-12-24T00:54:56.646Z", "user": 1, "content_type": 13, "object_id": "3", "object_repr": "faq", "action_flag": 1, "change_message": "[{\"added\": {}}]"}}, {"model": "admin.logentry", "pk": 12, "fields": {"action_time": "2023-12-24T00:54:59.978Z", "user": 1, "content_type": 13, "object_id": "4", "object_repr": "contato", "action_flag": 1, "change_message": "[{\"added\": {}}]"}}, {"model": "admin.logentry", "pk": 13, "fields": {"action_time": "2023-12-24T00:55:35.403Z", "user": 1, "content_type": 14, "object_id": "1", "object_repr": "1 - SLIDE_1", "action_flag": 1, "change_message": "[{\"added\": {}}]"}}, {"model": "admin.logentry", "pk": 14, "fields": {"action_time": "2023-12-24T00:55:52.530Z", "user": 1, "content_type": 14, "object_id": "1", "object_repr": "1 - SLIDE", "action_flag": 2, "change_message": "[{\"changed\": {\"fields\": [\"Nome\"]}}]"}}, {"model": "admin.logentry", "pk": 15, "fields": {"action_time": "2023-12-24T00:59:24.168Z", "user": 1, "content_type": 12, "object_id": "1", "object_repr": "slide 1 - Estamos aqui para o seu cuidado", "action_flag": 1, "change_message": "[{\"added\": {}}]"}}, {"model": "admin.logentry", "pk": 16, "fields": {"action_time": "2023-12-24T01:00:02.626Z", "user": 1, "content_type": 12, "object_id": "2", "object_repr": "slide 2 - Estamos aqui para o seu cuidado", "action_flag": 1, "change_message": "[{\"added\": {}}]"}}, {"model": "admin.logentry", "pk": 17, "fields": {"action_time": "2023-12-24T01:00:51.020Z", "user": 1, "content_type": 12, "object_id": "3", "object_repr": "slide 3 - Estamos aqui para o seu cuidado", "action_flag": 1, "change_message": "[{\"added\": {}}]"}}, {"model": "admin.logentry", "pk": 18, "fields": {"action_time": "2023-12-24T01:01:07.359Z", "user": 1, "content_type": 15, "object_id": "1", "object_repr": "Pagina home - 1 - Slide", "action_flag": 1, "change_message": "[{\"added\": {}}]"}}, {"model": "admin.logentry", "pk": 19, "fields": {"action_time": "2023-12-24T01:01:57.126Z", "user": 1, "content_type": 13, "object_id": "1", "object_repr": "inicio", "action_flag": 2, "change_message": "[{\"changed\": {\"fields\": [\"Nome\"]}}]"}}, {"model": "admin.logentry", "pk": 20, "fields": {"action_time": "2023-12-24T01:02:25.115Z", "user": 1, "content_type": 12, "object_id": "3", "object_repr": "slide 3 - Estamos aqui para o seu cuidado", "action_flag": 2, "change_message": "[{\"changed\": {\"fields\": [\"Rota botao 2\"]}}]"}}, {"model": "admin.logentry", "pk": 21, "fields": {"action_time": "2023-12-24T01:03:15.991Z", "user": 1, "content_type": 14, "object_id": "2", "object_repr": "2 - BANNER_1", "action_flag": 1, "change_message": "[{\"added\": {}}]"}}, {"model": "admin.logentry", "pk": 22, "fields": {"action_time": "2023-12-24T01:04:08.681Z", "user": 1, "content_type": 12, "object_id": "4", "object_repr": "banner 1 - Somos a ABC EMPRESA, uma empresa medica", "action_flag": 1, "change_message": "[{\"added\": {}}]"}}, {"model": "admin.logentry", "pk": 23, "fields": {"action_time": "2023-12-24T01:04:27.296Z", "user": 1, "content_type": 15, "object_id": "2", "object_repr": "Pagina inicio - 2 - banner 1", "action_flag": 1, "change_message": "[{\"added\": {}}]"}}, {"model": "admin.logentry", "pk": 24, "fields": {"action_time": "2023-12-24T01:05:26.190Z", "user": 1, "content_type": 14, "object_id": "3", "object_repr": "3 - CARDS", "action_flag": 1, "change_message": "[{\"added\": {}}]"}}, {"model": "admin.logentry", "pk": 25, "fields": {"action_time": "2023-12-24T01:06:48.136Z", "user": 1, "content_type": 12, "object_id": "5", "object_repr": "cards 1 - Kits Médicos", "action_flag": 1, "change_message": "[{\"added\": {}}]"}}, {"model": "admin.logentry", "pk": 26, "fields": {"action_time": "2023-12-24T01:07:42.942Z", "user": 1, "content_type": 12, "object_id": "6", "object_repr": "cards 2 - Produtos Químicos", "action_flag": 1, "change_message": "[{\"added\": {}}]"}}, {"model": "admin.logentry", "pk": 27, "fields": {"action_time": "2023-12-24T01:08:49.516Z", "user": 1, "content_type": 12, "object_id": "7", "object_repr": "cards 3 - Equipe Qualificada", "action_flag": 1, "change_message": "[{\"added\": {}}]"}}, {"model": "admin.logentry", "pk": 28, "fields": {"action_time": "2023-12-24T01:09:48.500Z", "user": 1, "content_type": 12, "object_id": "8", "object_repr": "cards 4 - Equipamentos", "action_flag": 1, "change_message": "[{\"added\": {}}]"}}, {"model": "admin.logentry", "pk": 29, "fields": {"action_time": "2023-12-24T01:10:12.479Z", "user": 1, "content_type": 15, "object_id": "3", "object_repr": "Pagina inicio - 3 - Nossos Serviços", "action_flag": 1, "change_message": "[{\"added\": {}}]"}}, {"model": "admin.logentry", "pk": 30, "fields": {"action_time": "2023-12-24T01:12:06.218Z", "user": 1, "content_type": 12, "object_id": "9", "object_repr": "banner 2 - Sua saúde é nossa prioridade", "action_flag": 1, "change_message": "[{\"added\": {}}]"}}, {"model": "admin.logentry", "pk": 31, "fields": {"action_time": "2023-12-24T01:12:56.465Z", "user": 1, "content_type": 14, "object_id": "4", "object_repr": "4 - BANNER_2", "action_flag": 1, "change_message": "[{\"added\": {}}]"}}, {"model": "admin.logentry", "pk": 32, "fields": {"action_time": "2023-12-24T01:13:15.389Z", "user": 1, "content_type": 15, "object_id": "4", "object_repr": "Pagina inicio - 4 - banner", "action_flag": 1, "change_message": "[{\"added\": {}}]"}}, {"model": "admin.logentry", "pk": 33, "fields": {"action_time": "2023-12-24T01:14:22.460Z", "user": 1, "content_type": 14, "object_id": "5", "object_repr": "5 - CARDS_2", "action_flag": 1, "change_message": "[{\"added\": {}}]"}}, {"model": "admin.logentry", "pk": 34, "fields": {"action_time": "2023-12-24T01:15:06.059Z", "user": 1, "content_type": 12, "object_id": "10", "object_repr": "card area 1 - Odontologia", "action_flag": 1, "change_message": "[{\"added\": {}}]"}}, {"model": "admin.logentry", "pk": 35, "fields": {"action_time": "2023-12-24T01:15:30.104Z", "user": 1, "content_type": 12, "object_id": "11", "object_repr": "card area 2 - Medicina", "action_flag": 1, "change_message": "[{\"added\": {}}]"}}, {"model": "admin.logentry", "pk": 36, "fields": {"action_time": "2023-12-24T01:15:45.978Z", "user": 1, "content_type": 12, "object_id": "12", "object_repr": "None - Enfermagem", "action_flag": 1, "change_message": "[{\"added\": {}}]"}}, {"model": "admin.logentry", "pk": 37, "fields": {"action_time": "2023-12-24T01:16:27.914Z", "user": 1, "content_type": 12, "object_id": "13", "object_repr": "card area 4 - Fisioterapia", "action_flag": 1, "change_message": "[{\"added\": {}}]"}}, {"model": "admin.logentry", "pk": 38, "fields": {"action_time": "2023-12-24T01:16:35.843Z", "user": 1, "content_type": 12, "object_id": "12", "object_repr": "card area 3 - Enfermagem", "action_flag": 2, "change_message": "[{\"changed\": {\"fields\": [\"Nome\"]}}]"}}, {"model": "admin.logentry", "pk": 39, "fields": {"action_time": "2023-12-24T01:17:31.676Z", "user": 1, "content_type": 12, "object_id": "14", "object_repr": "card area 5 - Estética", "action_flag": 1, "change_message": "[{\"added\": {}}]"}}, {"model": "admin.logentry", "pk": 40, "fields": {"action_time": "2023-12-24T01:18:33.318Z", "user": 1, "content_type": 12, "object_id": "15", "object_repr": "card area 6 - Fonoaudiologia", "action_flag": 1, "change_message": "[{\"added\": {}}]"}}, {"model": "admin.logentry", "pk": 41, "fields": {"action_time": "2023-12-24T01:19:01.658Z", "user": 1, "content_type": 12, "object_id": "16", "object_repr": "card area 7 - Podologia", "action_flag": 1, "change_message": "[{\"added\": {}}]"}}, {"model": "admin.logentry", "pk": 42, "fields": {"action_time": "2023-12-24T01:19:37.198Z", "user": 1, "content_type": 12, "object_id": "17", "object_repr": "card area 8 - Laserpuntura", "action_flag": 1, "change_message": "[{\"added\": {}}]"}}, {"model": "admin.logentry", "pk": 43, "fields": {"action_time": "2023-12-24T01:20:10.159Z", "user": 1, "content_type": 12, "object_id": "18", "object_repr": "card area 9 - Veterinária", "action_flag": 1, "change_message": "[{\"added\": {}}]"}}, {"model": "admin.logentry", "pk": 44, "fields": {"action_time": "2023-12-24T01:20:41.106Z", "user": 1, "content_type": 15, "object_id": "5", "object_repr": "Pagina inicio - 5 - Áreas de Especialidades", "action_flag": 1, "change_message": "[{\"added\": {}}]"}}, {"model": "admin.logentry", "pk": 45, "fields": {"action_time": "2023-12-24T01:21:59.976Z", "user": 1, "content_type": 14, "object_id": "6", "object_repr": "6 - BANNER_4", "action_flag": 1, "change_message": "[{\"added\": {}}]"}}, {"model": "admin.logentry", "pk": 46, "fields": {"action_time": "2023-12-24T01:23:20.364Z", "user": 1, "content_type": 12, "object_id": "19", "object_repr": "banner 4 - Mais de 5.100 profissionais confiam em nós", "action_flag": 1, "change_message": "[{\"added\": {}}]"}}, {"model": "admin.logentry", "pk": 47, "fields": {"action_time": "2023-12-24T01:23:38.834Z", "user": 1, "content_type": 15, "object_id": "6", "object_repr": "Pagina inicio - 6 - banner 4", "action_flag": 1, "change_message": "[{\"added\": {}}]"}}, {"model": "admin.logentry", "pk": 48, "fields": {"action_time": "2023-12-24T01:24:21.220Z", "user": 1, "content_type": 12, "object_id": "19", "object_repr": "banner 4 - Mais de 5.100 profissionais confiam em nós", "action_flag": 2, "change_message": "[{\"changed\": {\"fields\": [\"Imagem\"]}}]"}}, {"model": "admin.logentry", "pk": 49, "fields": {"action_time": "2023-12-24T01:24:50.775Z", "user": 1, "content_type": 14, "object_id": "7", "object_repr": "7 - BANNER_3", "action_flag": 1, "change_message": "[{\"added\": {}}]"}}, {"model": "admin.logentry", "pk": 50, "fields": {"action_time": "2023-12-24T01:25:53.831Z", "user": 1, "content_type": 12, "object_id": "20", "object_repr": "banner 3 - Forum ABC EMPRESA", "action_flag": 1, "change_message": "[{\"added\": {}}]"}}, {"model": "admin.logentry", "pk": 51, "fields": {"action_time": "2023-12-24T01:26:30.475Z", "user": 1, "content_type": 15, "object_id": "7", "object_repr": "Pagina inicio - 7 - banner 3", "action_flag": 1, "change_message": "[{\"added\": {}}]"}}, {"model": "admin.logentry", "pk": 52, "fields": {"action_time": "2023-12-24T01:27:14.552Z", "user": 1, "content_type": 14, "object_id": "8", "object_repr": "8 - CONTATO", "action_flag": 1, "change_message": "[{\"added\": {}}]"}}, {"model": "admin.logentry", "pk": 53, "fields": {"action_time": "2023-12-24T01:28:30.670Z", "user": 1, "content_type": 12, "object_id": "21", "object_repr": "contato 1 - Endereço", "action_flag": 1, "change_message": "[{\"added\": {}}]"}}, {"model": "admin.logentry", "pk": 54, "fields": {"action_time": "2023-12-24T01:29:09.156Z", "user": 1, "content_type": 12, "object_id": "22", "object_repr": "contato 2 - WhatsApp", "action_flag": 1, "change_message": "[{\"added\": {}}]"}}, {"model": "admin.logentry", "pk": 55, "fields": {"action_time": "2023-12-24T01:29:41.973Z", "user": 1, "content_type": 12, "object_id": "23", "object_repr": "contato 3 - E-mail", "action_flag": 1, "change_message": "[{\"added\": {}}]"}}, {"model": "admin.logentry", "pk": 56, "fields": {"action_time": "2023-12-24T01:30:44.336Z", "user": 1, "content_type": 12, "object_id": "24", "object_repr": "contato 4 - Site", "action_flag": 1, "change_message": "[{\"added\": {}}]"}}, {"model": "admin.logentry", "pk": 57, "fields": {"action_time": "2023-12-24T01:30:58.740Z", "user": 1, "content_type": 12, "object_id": "21", "object_repr": "contato 1 - Endereço", "action_flag": 2, "change_message": "[{\"changed\": {\"fields\": [\"Imagem\"]}}]"}}, {"model": "admin.logentry", "pk": 58, "fields": {"action_time": "2023-12-24T01:31:36.992Z", "user": 1, "content_type": 15, "object_id": "8", "object_repr": "Pagina inicio - 8 - Contato", "action_flag": 1, "change_message": "[{\"added\": {}}]"}}, {"model": "admin.logentry", "pk": 59, "fields": {"action_time": "2023-12-24T01:32:43.421Z", "user": 1, "content_type": 15, "object_id": "9", "object_repr": "Pagina sobre - 1 - sobre 1", "action_flag": 1, "change_message": "[{\"added\": {}}]"}}, {"model": "admin.logentry", "pk": 60, "fields": {"action_time": "2023-12-24T01:33:10.263Z", "user": 1, "content_type": 15, "object_id": "10", "object_repr": "Pagina contato - 1 - Contato", "action_flag": 1, "change_message": "[{\"added\": {}}]"}}, {"model": "admin.logentry", "pk": 61, "fields": {"action_time": "2023-12-24T01:34:00.017Z", "user": 1, "content_type": 12, "object_id": "25", "object_repr": "faq 1 - What is Lorem Ipsum?", "action_flag": 1, "change_message": "[{\"added\": {}}]"}}, {"model": "admin.logentry", "pk": 62, "fields": {"action_time": "2023-12-24T01:34:15.504Z", "user": 1, "content_type": 12, "object_id": "26", "object_repr": "faq 2 - What is Lorem Ipsum?", "action_flag": 1, "change_message": "[{\"added\": {}}]"}}, {"model": "admin.logentry", "pk": 63, "fields": {"action_time": "2023-12-24T01:34:39.679Z", "user": 1, "content_type": 12, "object_id": "27", "object_repr": "faq 3 - What is Lorem Ipsum?", "action_flag": 1, "change_message": "[{\"added\": {}}]"}}, {"model": "admin.logentry", "pk": 64, "fields": {"action_time": "2023-12-24T01:35:00.773Z", "user": 1, "content_type": 14, "object_id": "9", "object_repr": "9 - FAQ", "action_flag": 1, "change_message": "[{\"added\": {}}]"}}, {"model": "admin.logentry", "pk": 65, "fields": {"action_time": "2023-12-24T01:35:14.062Z", "user": 1, "content_type": 15, "object_id": "11", "object_repr": "Pagina faq - 1 - faq", "action_flag": 1, "change_message": "[{\"added\": {}}]"}}, {"model": "admin.logentry", "pk": 66, "fields": {"action_time": "2023-12-24T01:35:47.717Z", "user": 1, "content_type": 11, "object_id": "1", "object_repr": " Perfil: leticia@gmail.com", "action_flag": 1, "change_message": "[{\"added\": {}}]"}}, {"model": "admin.logentry", "pk": 67, "fields": {"action_time": "2023-12-24T01:36:02.010Z", "user": 1, "content_type": 11, "object_id": "2", "object_repr": " Perfil: lucas@gmail.com", "action_flag": 1, "change_message": "[{\"added\": {}}]"}}, {"model": "admin.logentry", "pk": 68, "fields": {"action_time": "2023-12-24T01:37:25.371Z", "user": 1, "content_type": 11, "object_id": "3", "object_repr": " Perfil: elisa@gmail.com", "action_flag": 1, "change_message": "[{\"added\": {}}]"}}, {"model": "admin.logentry", "pk": 69, "fields": {"action_time": "2023-12-24T01:38:35.257Z", "user": 1, "content_type": 16, "object_id": "1", "object_repr": "Como ter acesso ao logs do servidor django (2023-12-23)", "action_flag": 1, "change_message": "[{\"added\": {}}]"}}, {"model": "admin.logentry", "pk": 70, "fields": {"action_time": "2023-12-24T10:38:38.234Z", "user": 1, "content_type": 16, "object_id": "2", "object_repr": "Erro ao ligar o Equipamento (2023-12-24)", "action_flag": 1, "change_message": "[{\"added\": {}}]"}}, {"model": "admin.logentry", "pk": 71, "fields": {"action_time": "2023-12-24T10:39:25.165Z", "user": 1, "content_type": 16, "object_id": "1", "object_repr": "Laser não aparece a leitura (2023-12-23)", "action_flag": 2, "change_message": "[{\"changed\": {\"fields\": [\"Titulo\", \"Descri\\u00e7\\u00e3o\", \"Imagem Anexo\"]}}]"}}, {"model": "admin.logentry", "pk": 72, "fields": {"action_time": "2023-12-24T10:39:31.721Z", "user": 1, "content_type": 16, "object_id": "2", "object_repr": "Erro ao ligar o Equipamento (2023-12-24)", "action_flag": 2, "change_message": "[{\"changed\": {\"fields\": [\"Imagem Anexo\"]}}]"}}, {"model": "admin.logentry", "pk": 73, "fields": {"action_time": "2023-12-30T18:21:05.104Z", "user": 1, "content_type": 12, "object_id": "1", "object_repr": "slide 1 - Estamos aqui para o seu cuidado", "action_flag": 2, "change_message": "[{\"changed\": {\"fields\": [\"Imagem\"]}}]"}}, {"model": "admin.logentry", "pk": 74, "fields": {"action_time": "2023-12-30T18:21:27.389Z", "user": 1, "content_type": 12, "object_id": "2", "object_repr": "slide 2 - Estamos aqui para o seu cuidado", "action_flag": 2, "change_message": "[{\"changed\": {\"fields\": [\"Imagem\"]}}]"}}, {"model": "admin.logentry", "pk": 75, "fields": {"action_time": "2023-12-30T18:21:52.083Z", "user": 1, "content_type": 12, "object_id": "3", "object_repr": "slide 3 - Estamos aqui para o seu cuidado", "action_flag": 2, "change_message": "[{\"changed\": {\"fields\": [\"Imagem\"]}}]"}}, {"model": "admin.logentry", "pk": 76, "fields": {"action_time": "2023-12-30T18:22:09.539Z", "user": 1, "content_type": 12, "object_id": "4", "object_repr": "banner 1 - Somos a ABC EMPRESA, uma empresa medica", "action_flag": 2, "change_message": "[{\"changed\": {\"fields\": [\"Imagem\"]}}]"}}, {"model": "admin.logentry", "pk": 77, "fields": {"action_time": "2023-12-30T18:23:20.680Z", "user": 1, "content_type": 12, "object_id": "9", "object_repr": "banner 2 - Sua saúde é nossa prioridade", "action_flag": 2, "change_message": "[{\"changed\": {\"fields\": [\"Imagem\"]}}]"}}, {"model": "admin.logentry", "pk": 78, "fields": {"action_time": "2023-12-30T18:23:44.563Z", "user": 1, "content_type": 12, "object_id": "10", "object_repr": "card area 1 - Odontologia", "action_flag": 2, "change_message": "[{\"changed\": {\"fields\": [\"Imagem\"]}}]"}}, {"model": "admin.logentry", "pk": 79, "fields": {"action_time": "2023-12-30T18:23:50.610Z", "user": 1, "content_type": 12, "object_id": "11", "object_repr": "card area 2 - Medicina", "action_flag": 2, "change_message": "[{\"changed\": {\"fields\": [\"Imagem\"]}}]"}}, {"model": "admin.logentry", "pk": 80, "fields": {"action_time": "2023-12-30T18:23:57.852Z", "user": 1, "content_type": 12, "object_id": "12", "object_repr": "card area 3 - Enfermagem", "action_flag": 2, "change_message": "[{\"changed\": {\"fields\": [\"Imagem\"]}}]"}}, {"model": "admin.logentry", "pk": 81, "fields": {"action_time": "2023-12-30T18:24:04.323Z", "user": 1, "content_type": 12, "object_id": "13", "object_repr": "card area 4 - Fisioterapia", "action_flag": 2, "change_message": "[{\"changed\": {\"fields\": [\"Imagem\"]}}]"}}, {"model": "admin.logentry", "pk": 82, "fields": {"action_time": "2023-12-30T18:24:12.880Z", "user": 1, "content_type": 12, "object_id": "14", "object_repr": "card area 5 - Estética", "action_flag": 2, "change_message": "[{\"changed\": {\"fields\": [\"Imagem\"]}}]"}}, {"model": "admin.logentry", "pk": 83, "fields": {"action_time": "2023-12-30T18:24:20.648Z", "user": 1, "content_type": 12, "object_id": "15", "object_repr": "card area 6 - Fonoaudiologia", "action_flag": 2, "change_message": "[{\"changed\": {\"fields\": [\"Imagem\"]}}]"}}, {"model": "admin.logentry", "pk": 84, "fields": {"action_time": "2023-12-30T18:24:35.344Z", "user": 1, "content_type": 12, "object_id": "16", "object_repr": "card area 7 - Podologia", "action_flag": 2, "change_message": "[{\"changed\": {\"fields\": [\"Imagem\"]}}]"}}, {"model": "admin.logentry", "pk": 85, "fields": {"action_time": "2023-12-30T18:24:43.868Z", "user": 1, "content_type": 12, "object_id": "17", "object_repr": "card area 8 - Laserpuntura", "action_flag": 2, "change_message": "[{\"changed\": {\"fields\": [\"Imagem\"]}}]"}}, {"model": "admin.logentry", "pk": 86, "fields": {"action_time": "2023-12-30T18:24:50.951Z", "user": 1, "content_type": 12, "object_id": "18", "object_repr": "card area 9 - Veterinária", "action_flag": 2, "change_message": "[{\"changed\": {\"fields\": [\"Imagem\"]}}]"}}, {"model": "admin.logentry", "pk": 87, "fields": {"action_time": "2023-12-30T18:25:18.926Z", "user": 1, "content_type": 12, "object_id": "19", "object_repr": "banner 4 - Mais de 5.100 profissionais confiam em nós", "action_flag": 2, "change_message": "[{\"changed\": {\"fields\": [\"Imagem\"]}}]"}}, {"model": "admin.logentry", "pk": 88, "fields": {"action_time": "2023-12-30T18:25:27.498Z", "user": 1, "content_type": 12, "object_id": "20", "object_repr": "banner 3 - Forum ABC EMPRESA", "action_flag": 2, "change_message": "[{\"changed\": {\"fields\": [\"Imagem\"]}}]"}}, {"model": "admin.logentry", "pk": 89, "fields": {"action_time": "2023-12-30T18:25:34.899Z", "user": 1, "content_type": 12, "object_id": "21", "object_repr": "contato 1 - Endereço", "action_flag": 2, "change_message": "[{\"changed\": {\"fields\": [\"Imagem\"]}}]"}}, {"model": "admin.logentry", "pk": 90, "fields": {"action_time": "2024-07-23T21:41:56.252Z", "user": 1, "content_type": 12, "object_id": "1", "object_repr": "slide 1 - Estamos aqui para o seu cuidado", "action_flag": 2, "change_message": "[{\"changed\": {\"fields\": [\"Imagem\"]}}]"}}, {"model": "admin.logentry", "pk": 91, "fields": {"action_time": "2024-07-23T21:42:04.094Z", "user": 1, "content_type": 12, "object_id": "2", "object_repr": "slide 2 - Estamos aqui para o seu cuidado", "action_flag": 2, "change_message": "[{\"changed\": {\"fields\": [\"Imagem\"]}}]"}}, {"model": "admin.logentry", "pk": 92, "fields": {"action_time": "2024-07-23T21:42:16.146Z", "user": 1, "content_type": 12, "object_id": "3", "object_repr": "slide 3 - Estamos aqui para o seu cuidado", "action_flag": 2, "change_message": "[{\"changed\": {\"fields\": [\"Imagem\"]}}]"}}, {"model": "admin.logentry", "pk": 93, "fields": {"action_time": "2024-07-23T21:42:49.855Z", "user": 1, "content_type": 12, "object_id": "9", "object_repr": "banner 2 - Sua saúde é nossa prioridade", "action_flag": 2, "change_message": "[{\"changed\": {\"fields\": [\"Imagem\"]}}]"}}, {"model": "admin.logentry", "pk": 94, "fields": {"action_time": "2024-07-23T21:43:00.594Z", "user": 1, "content_type": 12, "object_id": "10", "object_repr": "card area 1 - Odontologia", "action_flag": 2, "change_message": "[{\"changed\": {\"fields\": [\"Imagem\"]}}]"}}, {"model": "admin.logentry", "pk": 95, "fields": {"action_time": "2024-07-23T21:43:06.700Z", "user": 1, "content_type": 12, "object_id": "11", "object_repr": "card area 2 - Medicina", "action_flag": 2, "change_message": "[{\"changed\": {\"fields\": [\"Imagem\"]}}]"}}, {"model": "admin.logentry", "pk": 96, "fields": {"action_time": "2024-07-23T21:43:11.100Z", "user": 1, "content_type": 12, "object_id": "12", "object_repr": "card area 3 - Enfermagem", "action_flag": 2, "change_message": "[{\"changed\": {\"fields\": [\"Imagem\"]}}]"}}, {"model": "admin.logentry", "pk": 97, "fields": {"action_time": "2024-07-23T21:43:16.077Z", "user": 1, "content_type": 12, "object_id": "13", "object_repr": "card area 4 - Fisioterapia", "action_flag": 2, "change_message": "[{\"changed\": {\"fields\": [\"Imagem\"]}}]"}}, {"model": "admin.logentry", "pk": 98, "fields": {"action_time": "2024-07-23T21:43:21.281Z", "user": 1, "content_type": 12, "object_id": "14", "object_repr": "card area 5 - Estética", "action_flag": 2, "change_message": "[{\"changed\": {\"fields\": [\"Imagem\"]}}]"}}, {"model": "admin.logentry", "pk": 99, "fields": {"action_time": "2024-07-23T21:43:27.107Z", "user": 1, "content_type": 12, "object_id": "15", "object_repr": "card area 6 - Fonoaudiologia", "action_flag": 2, "change_message": "[{\"changed\": {\"fields\": [\"Imagem\"]}}]"}}, {"model": "admin.logentry", "pk": 100, "fields": {"action_time": "2024-07-23T21:43:32.873Z", "user": 1, "content_type": 12, "object_id": "16", "object_repr": "card area 7 - Podologia", "action_flag": 2, "change_message": "[{\"changed\": {\"fields\": [\"Imagem\"]}}]"}}, {"model": "admin.logentry", "pk": 101, "fields": {"action_time": "2024-07-23T21:43:37.567Z", "user": 1, "content_type": 12, "object_id": "17", "object_repr": "card area 8 - Laserpuntura", "action_flag": 2, "change_message": "[{\"changed\": {\"fields\": [\"Imagem\"]}}]"}}, {"model": "admin.logentry", "pk": 102, "fields": {"action_time": "2024-07-23T21:43:42.384Z", "user": 1, "content_type": 12, "object_id": "18", "object_repr": "card area 9 - Veterinária", "action_flag": 2, "change_message": "[{\"changed\": {\"fields\": [\"Imagem\"]}}]"}}, {"model": "admin.logentry", "pk": 103, "fields": {"action_time": "2024-07-23T21:44:45.092Z", "user": 1, "content_type": 12, "object_id": "19", "object_repr": "banner 4 - Mais de 5.100 profissionais confiam em nós", "action_flag": 2, "change_message": "[{\"changed\": {\"fields\": [\"Imagem\"]}}]"}}, {"model": "admin.logentry", "pk": 104, "fields": {"action_time": "2024-07-23T21:44:53.084Z", "user": 1, "content_type": 12, "object_id": "20", "object_repr": "banner 3 - Forum ABC EMPRESA", "action_flag": 2, "change_message": "[{\"changed\": {\"fields\": [\"Imagem\"]}}]"}}, {"model": "admin.logentry", "pk": 105, "fields": {"action_time": "2024-07-23T21:45:01.547Z", "user": 1, "content_type": 12, "object_id": "21", "object_repr": "contato 1 - Endereço", "action_flag": 2, "change_message": "[{\"changed\": {\"fields\": [\"Imagem\"]}}]"}}, {"model": "admin.logentry", "pk": 106, "fields": {"action_time": "2024-07-23T21:45:37.852Z", "user": 1, "content_type": 12, "object_id": "4", "object_repr": "banner 1 - Somos a ABC EMPRESA, uma empresa medica", "action_flag": 2, "change_message": "[{\"changed\": {\"fields\": [\"Imagem\"]}}]"}}, {"model": "admin.logentry", "pk": 107, "fields": {"action_time": "2024-07-23T22:52:16.558Z", "user": 1, "content_type": 15, "object_id": "1", "object_repr": "Pagina inicio - 1 - Slide", "action_flag": 2, "change_message": "[{\"changed\": {\"fields\": [\"Ativo\"]}}]"}}, {"model": "admin.logentry", "pk": 108, "fields": {"action_time": "2024-07-23T22:52:49.114Z", "user": 1, "content_type": 14, "object_id": "10", "object_repr": "10 - CARD_3", "action_flag": 1, "change_message": "[{\"added\": {}}]"}}, {"model": "admin.logentry", "pk": 109, "fields": {"action_time": "2024-07-23T22:53:21.480Z", "user": 1, "content_type": 15, "object_id": "12", "object_repr": "Pagina inicio - 1 - Noticias", "action_flag": 1, "change_message": "[{\"added\": {}}]"}}, {"model": "admin.logentry", "pk": 110, "fields": {"action_time": "2024-07-23T22:56:30.348Z", "user": 1, "content_type": 15, "object_id": "12", "object_repr": "Pagina inicio - 1 - Noticias", "action_flag": 2, "change_message": "[{\"changed\": {\"fields\": [\"Conteudo\", \"Posts\"]}}]"}}, {"model": "admin.logentry", "pk": 111, "fields": {"action_time": "2024-07-23T22:59:00.230Z", "user": 1, "content_type": 16, "object_id": "2", "object_repr": "Erro ao ligar o Equipamento (2023-12-24)", "action_flag": 2, "change_message": "[{\"changed\": {\"fields\": [\"Imagem Anexo\"]}}]"}}, {"model": "admin.logentry", "pk": 112, "fields": {"action_time": "2024-07-23T23:00:54.956Z", "user": 1, "content_type": 16, "object_id": "3", "object_repr": "ONG Lança Novo Site para Facilitar Doações (None)", "action_flag": 1, "change_message": "[{\"added\": {}}]"}}, {"model": "admin.logentry", "pk": 113, "fields": {"action_time": "2024-07-23T23:01:09.302Z", "user": 1, "content_type": 16, "object_id": "4", "object_repr": "Sistema de Voluntariado Digital é Implementado por ONG (None)", "action_flag": 1, "change_message": "[{\"added\": {}}]"}}, {"model": "admin.logentry", "pk": 114, "fields": {"action_time": "2024-07-23T23:01:30.831Z", "user": 1, "content_type": 16, "object_id": "5", "object_repr": "Parceria entre ONGs Cria Plataforma de Educação (None)", "action_flag": 1, "change_message": "[{\"added\": {}}]"}}, {"model": "admin.logentry", "pk": 115, "fields": {"action_time": "2024-07-23T23:01:43.086Z", "user": 1, "content_type": 16, "object_id": "6", "object_repr": "ONG Utiliza Sistema de Gestão para Melhorar Transparência (None)", "action_flag": 1, "change_message": "[{\"added\": {}}]"}}, {"model": "admin.logentry", "pk": 116, "fields": {"action_time": "2024-07-23T23:02:07.146Z", "user": 1, "content_type": 15, "object_id": "12", "object_repr": "Pagina inicio - 1 - Noticias", "action_flag": 2, "change_message": "[{\"changed\": {\"fields\": [\"Posts\"]}}]"}}, {"model": "admin.logentry", "pk": 117, "fields": {"action_time": "2024-07-23T23:13:27.936Z", "user": 1, "content_type": 15, "object_id": "5", "object_repr": "Pagina inicio - 5 - Áreas de Especialidades", "action_flag": 2, "change_message": "[{\"changed\": {\"fields\": [\"Ativo\"]}}]"}}, {"model": "admin.logentry", "pk": 118, "fields": {"action_time": "2024-07-23T23:14:00.350Z", "user": 1, "content_type": 14, "object_id": "11", "object_repr": "11 - POSTS_RECENTS", "action_flag": 1, "change_message": "[{\"added\": {}}]"}}, {"model": "admin.logentry", "pk": 119, "fields": {"action_time": "2024-07-23T23:14:09.318Z", "user": 1, "content_type": 15, "object_id": "13", "object_repr": "Pagina inicio - 5 - Postagens Recentes", "action_flag": 1, "change_message": "[{\"added\": {}}]"}}, {"model": "admin.logentry", "pk": 120, "fields": {"action_time": "2024-07-23T23:42:13.892Z", "user": 1, "content_type": 16, "object_id": "7", "object_repr": "Novo Programa de Alfabetização (None)", "action_flag": 3, "change_message": ""}}, {"model": "admin.logentry", "pk": 121, "fields": {"action_time": "2024-07-23T23:43:14.325Z", "user": 1, "content_type": 16, "object_id": "8", "object_repr": "Novo Programa de Alfabetização 1 (None)", "action_flag": 2, "change_message": "[{\"changed\": {\"fields\": [\"Titulo\"]}}]"}}, {"model": "admin.logentry", "pk": 122, "fields": {"action_time": "2024-07-23T23:43:23.060Z", "user": 1, "content_type": 16, "object_id": "8", "object_repr": "Novo Programa de Alfabetização 1 (None)", "action_flag": 3, "change_message": ""}}, {"model": "admin.logentry", "pk": 123, "fields": {"action_time": "2024-07-23T23:46:11.623Z", "user": 1, "content_type": 16, "object_id": "9", "object_repr": "Novo Programa de Alfabetização (None)", "action_flag": 3, "change_message": ""}}, {"model": "admin.logentry", "pk": 124, "fields": {"action_time": "2024-07-23T23:48:10.200Z", "user": 1, "content_type": 16, "object_id": "16", "object_repr": "bbbNovo Programa de Alfabetização (None)", "action_flag": 3, "change_message": ""}}, {"model": "admin.logentry", "pk": 125, "fields": {"action_time": "2024-07-23T23:48:10.206Z", "user": 1, "content_type": 16, "object_id": "15", "object_repr": "Adoção de Animais (None)", "action_flag": 3, "change_message": ""}}, {"model": "admin.logentry", "pk": 126, "fields": {"action_time": "2024-07-23T23:48:10.212Z", "user": 1, "content_type": 16, "object_id": "14", "object_repr": "Defesa dos Direitos Humanos (None)", "action_flag": 3, "change_message": ""}}, {"model": "admin.logentry", "pk": 127, "fields": {"action_time": "2024-07-23T23:48:10.217Z", "user": 1, "content_type": 16, "object_id": "13", "object_repr": "Plantio de Árvores (None)", "action_flag": 3, "change_message": ""}}, {"model": "admin.logentry", "pk": 128, "fields": {"action_time": "2024-07-23T23:48:10.223Z", "user": 1, "content_type": 16, "object_id": "12", "object_repr": "Campanha de Vacinação (None)", "action_flag": 3, "change_message": ""}}, {"model": "admin.logentry", "pk": 129, "fields": {"action_time": "2024-07-23T23:48:10.228Z", "user": 1, "content_type": 16, "object_id": "11", "object_repr": "aaNovo Programa de Alfabetização (None)", "action_flag": 3, "change_message": ""}}, {"model": "admin.logentry", "pk": 130, "fields": {"action_time": "2024-07-23T23:48:10.235Z", "user": 1, "content_type": 16, "object_id": "10", "object_repr": "Novo Programa de Alfabetização (None)", "action_flag": 3, "change_message": ""}}, {"model": "admin.logentry", "pk": 131, "fields": {"action_time": "2024-07-23T23:48:54.026Z", "user": 1, "content_type": 16, "object_id": "21", "object_repr": "Adoção de Animais (None)", "action_flag": 3, "change_message": ""}}, {"model": "admin.logentry", "pk": 132, "fields": {"action_time": "2024-07-23T23:48:54.032Z", "user": 1, "content_type": 16, "object_id": "20", "object_repr": "Defesa dos Direitos Humanos (None)", "action_flag": 3, "change_message": ""}}, {"model": "admin.logentry", "pk": 133, "fields": {"action_time": "2024-07-23T23:48:54.037Z", "user": 1, "content_type": 16, "object_id": "19", "object_repr": "Plantio de Árvores (None)", "action_flag": 3, "change_message": ""}}, {"model": "admin.logentry", "pk": 134, "fields": {"action_time": "2024-07-23T23:48:54.042Z", "user": 1, "content_type": 16, "object_id": "18", "object_repr": "Campanha de Vacinação (None)", "action_flag": 3, "change_message": ""}}, {"model": "admin.logentry", "pk": 135, "fields": {"action_time": "2024-07-23T23:48:54.048Z", "user": 1, "content_type": 16, "object_id": "17", "object_repr": "bbbNovo Programa de Alfabetização (None)", "action_flag": 3, "change_message": ""}}, {"model": "admin.logentry", "pk": 136, "fields": {"action_time": "2024-07-23T23:51:02.800Z", "user": 1, "content_type": 16, "object_id": "31", "object_repr": "aaNovo Programa de Alfabetização (None)", "action_flag": 3, "change_message": ""}}, {"model": "admin.logentry", "pk": 137, "fields": {"action_time": "2024-07-23T23:51:02.806Z", "user": 1, "content_type": 16, "object_id": "30", "object_repr": "Atividades Recreativas para Crianças (None)", "action_flag": 3, "change_message": ""}}, {"model": "admin.logentry", "pk": 138, "fields": {"action_time": "2024-07-23T23:51:02.812Z", "user": 1, "content_type": 16, "object_id": "29", "object_repr": "Melhoria de Infraestrutura Comunitária (None)", "action_flag": 3, "change_message": ""}}, {"model": "admin.logentry", "pk": 139, "fields": {"action_time": "2024-07-23T23:51:02.817Z", "user": 1, "content_type": 16, "object_id": "28", "object_repr": "Doações de Alimentos (None)", "action_flag": 3, "change_message": ""}}, {"model": "admin.logentry", "pk": 140, "fields": {"action_time": "2024-07-23T23:51:02.823Z", "user": 1, "content_type": 16, "object_id": "27", "object_repr": "Oficina de Arte para Crianças (None)", "action_flag": 3, "change_message": ""}}, {"model": "admin.logentry", "pk": 141, "fields": {"action_time": "2024-07-23T23:51:02.828Z", "user": 1, "content_type": 16, "object_id": "26", "object_repr": "Adoção de Animais (None)", "action_flag": 3, "change_message": ""}}, {"model": "admin.logentry", "pk": 142, "fields": {"action_time": "2024-07-23T23:51:02.833Z", "user": 1, "content_type": 16, "object_id": "25", "object_repr": "Defesa dos Direitos Humanos (None)", "action_flag": 3, "change_message": ""}}, {"model": "admin.logentry", "pk": 143, "fields": {"action_time": "2024-07-23T23:51:02.839Z", "user": 1, "content_type": 16, "object_id": "24", "object_repr": "Plantio de Árvores (None)", "action_flag": 3, "change_message": ""}}, {"model": "admin.logentry", "pk": 144, "fields": {"action_time": "2024-07-23T23:51:02.844Z", "user": 1, "content_type": 16, "object_id": "23", "object_repr": "Campanha de Vacinação (None)", "action_flag": 3, "change_message": ""}}, {"model": "admin.logentry", "pk": 145, "fields": {"action_time": "2024-07-23T23:51:02.850Z", "user": 1, "content_type": 16, "object_id": "22", "object_repr": "bbbNovo Programa de Alfabetização (None)", "action_flag": 3, "change_message": ""}}, {"model": "admin.logentry", "pk": 146, "fields": {"action_time": "2024-07-23T23:57:51.510Z", "user": 1, "content_type": 15, "object_id": "2", "object_repr": "Pagina inicio - 2 - banner 1", "action_flag": 2, "change_message": "[{\"changed\": {\"fields\": [\"Ativo\"]}}]"}}, {"model": "admin.logentry", "pk": 147, "fields": {"action_time": "2024-07-23T23:57:51.512Z", "user": 1, "content_type": 15, "object_id": "4", "object_repr": "Pagina inicio - 4 - banner", "action_flag": 2, "change_message": "[{\"changed\": {\"fields\": [\"Ativo\"]}}]"}}, {"model": "admin.logentry", "pk": 148, "fields": {"action_time": "2024-07-23T23:57:51.514Z", "user": 1, "content_type": 15, "object_id": "6", "object_repr": "Pagina inicio - 6 - banner 4", "action_flag": 2, "change_message": "[{\"changed\": {\"fields\": [\"Ativo\"]}}]"}}, {"model": "admin.logentry", "pk": 149, "fields": {"action_time": "2024-07-23T23:57:51.515Z", "user": 1, "content_type": 15, "object_id": "7", "object_repr": "Pagina inicio - 7 - banner 3", "action_flag": 2, "change_message": "[{\"changed\": {\"fields\": [\"Ativo\"]}}]"}}, {"model": "admin.logentry", "pk": 150, "fields": {"action_time": "2024-07-23T23:57:51.516Z", "user": 1, "content_type": 15, "object_id": "8", "object_repr": "Pagina inicio - 8 - Contato", "action_flag": 2, "change_message": "[{\"changed\": {\"fields\": [\"Ativo\"]}}]"}}, {"model": "admin.logentry", "pk": 151, "fields": {"action_time": "2024-07-23T23:59:38.510Z", "user": 1, "content_type": 14, "object_id": "12", "object_repr": "12 - SEARCH", "action_flag": 1, "change_message": "[{\"added\": {}}]"}}, {"model": "admin.logentry", "pk": 152, "fields": {"action_time": "2024-07-23T23:59:41.299Z", "user": 1, "content_type": 15, "object_id": "14", "object_repr": "Pagina inicio - 3 - SEARCH", "action_flag": 1, "change_message": "[{\"added\": {}}]"}}, {"model": "admin.logentry", "pk": 153, "fields": {"action_time": "2024-07-24T00:09:35.065Z", "user": 1, "content_type": 16, "object_id": "69", "object_repr": "Projeto de Reflorestamento (None)", "action_flag": 2, "change_message": "[{\"changed\": {\"fields\": [\"Categories\", \"Tags\"]}}]"}}, {"model": "admin.logentry", "pk": 154, "fields": {"action_time": "2024-07-24T00:09:41.095Z", "user": 1, "content_type": 16, "object_id": "68", "object_repr": "Ação de Saúde Bucal (None)", "action_flag": 2, "change_message": "[{\"changed\": {\"fields\": [\"Categories\", \"Tags\"]}}]"}}, {"model": "admin.logentry", "pk": 155, "fields": {"action_time": "2024-07-24T00:09:45.335Z", "user": 1, "content_type": 16, "object_id": "66", "object_repr": "Grupo de Apoio para Crianças com Necessidades Especiais (None)", "action_flag": 2, "change_message": "[{\"changed\": {\"fields\": [\"Categories\", \"Tags\"]}}]"}}, {"model": "admin.logentry", "pk": 156, "fields": {"action_time": "2024-07-24T00:09:50.337Z", "user": 1, "content_type": 16, "object_id": "64", "object_repr": "Capacitação Profissional para Comunidades Carentes (None)", "action_flag": 2, "change_message": "[{\"changed\": {\"fields\": [\"Categories\", \"Tags\"]}}]"}}, {"model": "admin.logentry", "pk": 157, "fields": {"action_time": "2024-07-24T00:09:56.861Z", "user": 1, "content_type": 16, "object_id": "60", "object_repr": "Apoio a Pacientes com Doenças Crônicas (None)", "action_flag": 2, "change_message": "[{\"changed\": {\"fields\": [\"Categories\", \"Tags\"]}}]"}}, {"model": "admin.logentry", "pk": 158, "fields": {"action_time": "2024-07-24T00:10:03.742Z", "user": 1, "content_type": 16, "object_id": "59", "object_repr": "Ciclo de Palestras sobre Igualdade de Gênero (None)", "action_flag": 2, "change_message": "[{\"changed\": {\"fields\": [\"Categories\", \"Tags\"]}}]"}}, {"model": "admin.logentry", "pk": 159, "fields": {"action_time": "2024-07-24T00:10:07.565Z", "user": 1, "content_type": 16, "object_id": "58", "object_repr": "Brinquedoteca Itinerante (None)", "action_flag": 2, "change_message": "[{\"changed\": {\"fields\": [\"Categories\"]}}]"}}, {"model": "admin.logentry", "pk": 160, "fields": {"action_time": "2024-07-24T00:10:10.602Z", "user": 1, "content_type": 16, "object_id": "57", "object_repr": "Reforma de Espaços Públicos (None)", "action_flag": 2, "change_message": "[{\"changed\": {\"fields\": [\"Categories\"]}}]"}}, {"model": "admin.logentry", "pk": 161, "fields": {"action_time": "2024-07-24T00:10:14.834Z", "user": 1, "content_type": 16, "object_id": "56", "object_repr": "Distribuição de Kits de Higiene (None)", "action_flag": 2, "change_message": "[{\"changed\": {\"fields\": [\"Categories\"]}}]"}}, {"model": "admin.logentry", "pk": 162, "fields": {"action_time": "2024-07-24T00:10:18.255Z", "user": 1, "content_type": 16, "object_id": "55", "object_repr": "Curso de Teatro para Jovens (None)", "action_flag": 2, "change_message": "[{\"changed\": {\"fields\": [\"Categories\"]}}]"}}, {"model": "admin.logentry", "pk": 163, "fields": {"action_time": "2024-07-24T00:10:21.714Z", "user": 1, "content_type": 16, "object_id": "54", "object_repr": "Campanha de Conscientização Ambiental (None)", "action_flag": 2, "change_message": "[{\"changed\": {\"fields\": [\"Categories\"]}}]"}}, {"model": "admin.logentry", "pk": 164, "fields": {"action_time": "2024-07-24T00:10:27.196Z", "user": 1, "content_type": 16, "object_id": "53", "object_repr": "Clínica de Saúde Gratuita (None)", "action_flag": 2, "change_message": "[{\"changed\": {\"fields\": [\"Categories\", \"Tags\"]}}]"}}, {"model": "admin.logentry", "pk": 165, "fields": {"action_time": "2024-07-24T00:10:32.572Z", "user": 1, "content_type": 16, "object_id": "52", "object_repr": "Grupo de Apoio a Mulheres (None)", "action_flag": 2, "change_message": "[{\"changed\": {\"fields\": [\"Categories\", \"Tags\"]}}]"}}, {"model": "admin.logentry", "pk": 166, "fields": {"action_time": "2024-07-24T00:10:38.376Z", "user": 1, "content_type": 16, "object_id": "51", "object_repr": "Apoio Psicológico para Crianças (None)", "action_flag": 2, "change_message": "[{\"changed\": {\"fields\": [\"Categories\", \"Tags\"]}}]"}}, {"model": "admin.logentry", "pk": 167, "fields": {"action_time": "2024-07-24T00:40:36.553Z", "user": 1, "content_type": 15, "object_id": "14", "object_repr": "Pagina inicio - 4 - SEARCH", "action_flag": 2, "change_message": "[{\"changed\": {\"fields\": [\"Ordem\"]}}]"}}, {"model": "admin.logentry", "pk": 168, "fields": {"action_time": "2024-07-24T00:41:48.376Z", "user": 1, "content_type": 14, "object_id": "13", "object_repr": "13 - CARD_4", "action_flag": 1, "change_message": "[{\"added\": {}}]"}}, {"model": "admin.logentry", "pk": 169, "fields": {"action_time": "2024-07-24T00:41:58.687Z", "user": 1, "content_type": 15, "object_id": "15", "object_repr": "Pagina inicio - 2 - Informações adicionais", "action_flag": 1, "change_message": "[{\"added\": {}}]"}}, {"model": "admin.logentry", "pk": 170, "fields": {"action_time": "2024-07-24T00:49:27.572Z", "user": 1, "content_type": 15, "object_id": "12", "object_repr": "Pagina inicio - 1 - Destaque de Notícias", "action_flag": 2, "change_message": "[{\"changed\": {\"fields\": [\"Titulo\"]}}]"}}, {"model": "admin.logentry", "pk": 171, "fields": {"action_time": "2024-07-24T00:52:22.593Z", "user": 1, "content_type": 14, "object_id": "14", "object_repr": "14 - CARD_5", "action_flag": 1, "change_message": "[{\"added\": {}}]"}}, {"model": "admin.logentry", "pk": 172, "fields": {"action_time": "2024-07-24T00:52:33.791Z", "user": 1, "content_type": 15, "object_id": "16", "object_repr": "Pagina inicio - 3 - Beneficios", "action_flag": 1, "change_message": "[{\"added\": {}}]"}}, {"model": "admin.logentry", "pk": 173, "fields": {"action_time": "2024-07-24T00:55:23.658Z", "user": 1, "content_type": 12, "object_id": "28", "object_repr": "Desconto em Loja X - Ganhe 20% de desconto em todos os produtos da Loja X apresentando seu cartão de membro.", "action_flag": 1, "change_message": "[{\"added\": {}}]"}}, {"model": "admin.logentry", "pk": 174, "fields": {"action_time": "2024-07-24T00:55:58.932Z", "user": 1, "content_type": 15, "object_id": "16", "object_repr": "Pagina inicio - 3 - Descontos e Promoções", "action_flag": 2, "change_message": "[{\"changed\": {\"fields\": [\"Titulo\", \"Descricao\", \"Bloco\", \"Conteudo\", \"Posts\"]}}]"}}, {"model": "admin.logentry", "pk": 175, "fields": {"action_time": "2024-07-24T00:56:19.619Z", "user": 1, "content_type": 12, "object_id": "29", "object_repr": "Promoção em Restaurante Y - Desconto de 15% em refeições no Restaurante Y para todos os membros da ONG.", "action_flag": 1, "change_message": "[{\"added\": {}}]"}}, {"model": "admin.logentry", "pk": 176, "fields": {"action_time": "2024-07-24T00:56:44.337Z", "user": 1, "content_type": 12, "object_id": "30", "object_repr": "Oferta Especial em Serviços Z - Aproveite 10% de desconto em serviços selecionados da Empresa Z.", "action_flag": 1, "change_message": "[{\"added\": {}}]"}}, {"model": "admin.logentry", "pk": 177, "fields": {"action_time": "2024-07-24T00:56:45.718Z", "user": 1, "content_type": 15, "object_id": "16", "object_repr": "Pagina inicio - 3 - Descontos e Promoções", "action_flag": 2, "change_message": "[{\"changed\": {\"fields\": [\"Conteudo\"]}}]"}}, {"model": "admin.logentry", "pk": 178, "fields": {"action_time": "2024-07-24T00:59:54.709Z", "user": 1, "content_type": 12, "object_id": "28", "object_repr": "Desconto em Loja X - Ganhe 20% de desconto em todos os produtos da Loja X apresentando seu cartão de membro.", "action_flag": 2, "change_message": "[{\"changed\": {\"fields\": [\"Descricao 1\"]}}]"}}, {"model": "admin.logentry", "pk": 179, "fields": {"action_time": "2024-07-24T00:59:56.265Z", "user": 1, "content_type": 12, "object_id": "28", "object_repr": "Desconto em Loja X - Ganhe 20% de desconto em todos os produtos da Loja X apresentando seu cartão de membro.", "action_flag": 2, "change_message": "[]"}}, {"model": "admin.logentry", "pk": 180, "fields": {"action_time": "2024-07-24T01:00:00.196Z", "user": 1, "content_type": 12, "object_id": "29", "object_repr": "Promoção em Restaurante Y - Desconto de 15% em refeições no Restaurante Y para todos os membros da ONG.", "action_flag": 2, "change_message": "[{\"changed\": {\"fields\": [\"Descricao 1\"]}}]"}}, {"model": "admin.logentry", "pk": 181, "fields": {"action_time": "2024-07-24T01:00:07.318Z", "user": 1, "content_type": 12, "object_id": "30", "object_repr": "Oferta Especial em Serviços Z - Aproveite 10% de desconto em serviços selecionados da Empresa Z.", "action_flag": 2, "change_message": "[{\"changed\": {\"fields\": [\"Descricao 1\"]}}]"}}, {"model": "admin.logentry", "pk": 182, "fields": {"action_time": "2024-07-24T01:00:44.965Z", "user": 1, "content_type": 12, "object_id": "30", "object_repr": "Oferta Especial em Serviços Z - Aproveite 10% de desconto em serviços selecionados da Empresa Z.", "action_flag": 2, "change_message": "[{\"changed\": {\"fields\": [\"Descricao 1\"]}}]"}}, {"model": "admin.logentry", "pk": 183, "fields": {"action_time": "2024-07-24T01:00:46.782Z", "user": 1, "content_type": 12, "object_id": "29", "object_repr": "Promoção em Restaurante Y - Desconto de 15% em refeições no Restaurante Y para todos os membros da ONG.", "action_flag": 2, "change_message": "[{\"changed\": {\"fields\": [\"Descricao 1\"]}}]"}}, {"model": "admin.logentry", "pk": 184, "fields": {"action_time": "2024-07-24T01:00:48.332Z", "user": 1, "content_type": 12, "object_id": "28", "object_repr": "Desconto em Loja X - Ganhe 20% de desconto em todos os produtos da Loja X apresentando seu cartão de membro.", "action_flag": 2, "change_message": "[{\"changed\": {\"fields\": [\"Descricao 1\"]}}]"}}, {"model": "admin.logentry", "pk": 185, "fields": {"action_time": "2024-07-24T01:00:58.037Z", "user": 1, "content_type": 12, "object_id": "28", "object_repr": "Desconto em Loja X - Ganhe 20%", "action_flag": 2, "change_message": "[{\"changed\": {\"fields\": [\"Titulo 1\", \"Descricao 1\"]}}]"}}, {"model": "admin.logentry", "pk": 186, "fields": {"action_time": "2024-07-24T01:01:21.889Z", "user": 1, "content_type": 12, "object_id": "28", "object_repr": "Desconto em Loja X - Ganhe 20% de desconto em todos os produtos da Loja X apresentando seu cartão de membro.", "action_flag": 2, "change_message": "[{\"changed\": {\"fields\": [\"Titulo 1\", \"Descricao 1\"]}}]"}}, {"model": "admin.logentry", "pk": 187, "fields": {"action_time": "2024-07-24T01:02:11.767Z", "user": 1, "content_type": 15, "object_id": "8", "object_repr": "Pagina inicio - 8 - Contato", "action_flag": 2, "change_message": "[{\"changed\": {\"fields\": [\"Ativo\"]}}]"}}, {"model": "admin.logentry", "pk": 188, "fields": {"action_time": "2024-07-24T01:12:30.261Z", "user": 1, "content_type": 13, "object_id": "5", "object_repr": "noticias", "action_flag": 1, "change_message": "[{\"added\": {}}]"}}, {"model": "admin.logentry", "pk": 189, "fields": {"action_time": "2024-07-24T01:12:36.834Z", "user": 1, "content_type": 15, "object_id": "15", "object_repr": "Pagina noticias - 2 - Informações adicionais", "action_flag": 2, "change_message": "[{\"changed\": {\"fields\": [\"Pagina\"]}}]"}}, {"model": "admin.logentry", "pk": 190, "fields": {"action_time": "2024-07-24T01:26:13.940Z", "user": 1, "content_type": 15, "object_id": "6", "object_repr": "Pagina inicio - 6 - banner 4", "action_flag": 2, "change_message": "[{\"changed\": {\"fields\": [\"Ativo\"]}}]"}}, {"model": "admin.logentry", "pk": 191, "fields": {"action_time": "2024-07-24T01:26:19.612Z", "user": 1, "content_type": 13, "object_id": "6", "object_repr": "beneficios", "action_flag": 1, "change_message": "[{\"added\": {}}]"}}, {"model": "admin.logentry", "pk": 192, "fields": {"action_time": "2024-07-24T01:26:22.685Z", "user": 1, "content_type": 15, "object_id": "6", "object_repr": "Pagina beneficios - 6 - banner 4", "action_flag": 2, "change_message": "[{\"changed\": {\"fields\": [\"Pagina\"]}}]"}}, {"model": "admin.logentry", "pk": 193, "fields": {"action_time": "2024-07-24T01:26:36.227Z", "user": 1, "content_type": 15, "object_id": "6", "object_repr": "Pagina inicio - 6 - banner 4", "action_flag": 2, "change_message": "[{\"changed\": {\"fields\": [\"Pagina\", \"Ativo\"]}}]"}}, {"model": "admin.logentry", "pk": 194, "fields": {"action_time": "2024-07-24T01:26:45.119Z", "user": 1, "content_type": 15, "object_id": "7", "object_repr": "Pagina beneficios - 7 - banner 3", "action_flag": 2, "change_message": "[{\"changed\": {\"fields\": [\"Pagina\", \"Ativo\"]}}]"}}, {"model": "admin.logentry", "pk": 195, "fields": {"action_time": "2024-07-24T01:27:11.992Z", "user": 1, "content_type": 15, "object_id": "16", "object_repr": "Pagina beneficios - 3 - Descontos e Promoções", "action_flag": 2, "change_message": "[{\"changed\": {\"fields\": [\"Pagina\"]}}]"}}, {"model": "admin.logentry", "pk": 196, "fields": {"action_time": "2024-07-24T01:27:51.919Z", "user": 1, "content_type": 15, "object_id": "16", "object_repr": "Pagina inicio - 3 - Descontos e Promoções", "action_flag": 2, "change_message": "[{\"changed\": {\"fields\": [\"Pagina\"]}}]"}}, {"model": "admin.logentry", "pk": 197, "fields": {"action_time": "2024-07-24T01:28:13.145Z", "user": 1, "content_type": 15, "object_id": "16", "object_repr": "Pagina beneficios - 3 - Descontos e Promoções", "action_flag": 2, "change_message": "[{\"changed\": {\"fields\": [\"Pagina\"]}}]"}}, {"model": "admin.logentry", "pk": 198, "fields": {"action_time": "2024-07-24T01:28:23.249Z", "user": 1, "content_type": 15, "object_id": "16", "object_repr": "Pagina inicio - 3 - Descontos e Promoções", "action_flag": 2, "change_message": "[{\"changed\": {\"fields\": [\"Pagina\"]}}]"}}, {"model": "admin.logentry", "pk": 199, "fields": {"action_time": "2024-07-24T01:28:56.282Z", "user": 1, "content_type": 15, "object_id": "17", "object_repr": "Pagina beneficios - 2 - Beneficios", "action_flag": 1, "change_message": "[{\"added\": {}}]"}}, {"model": "admin.logentry", "pk": 200, "fields": {"action_time": "2024-07-24T01:29:16.042Z", "user": 1, "content_type": 15, "object_id": "7", "object_repr": "Pagina beneficios - 1 - banner 3", "action_flag": 2, "change_message": "[{\"changed\": {\"fields\": [\"Ordem\"]}}]"}}, {"model": "admin.logentry", "pk": 201, "fields": {"action_time": "2024-07-24T01:53:12.414Z", "user": 1, "content_type": 22, "object_id": "1", "object_repr": "leticia - 10000", "action_flag": 1, "change_message": "[{\"added\": {}}]"}}, {"model": "admin.logentry", "pk": 202, "fields": {"action_time": "2024-07-24T02:53:59.162Z", "user": 1, "content_type": 22, "object_id": "2", "object_repr": "lucas - 1000", "action_flag": 1, "change_message": "[{\"added\": {}}]"}}, {"model": "auth.group", "pk": 1, "fields": {"name": "administrador", "permissions": []}}, {"model": "auth.group", "pk": 2, "fields": {"name": "colaborador", "permissions": []}}, {"model": "auth.group", "pk": 3, "fields": {"name": "usuario", "permissions": []}}, {"model": "sessions.session", "pk": "c13lzrdt9hmjc332i5p86pmoxwbiwm0j", "fields": {"session_data": ".eJxVjDsOwyAQRO9CHSFgDSwu0-cMaDE4Jh8cGVxFuXtsyY2bKea9mS_zNdWa5-Jzyc23_E610fvjWS-tALAIgFxJMCjgwjytbfJrTYvPkfVMslMXaHimsoP4oHKf-TCXtuTAd4UftPLbHNPrering4nqtK3RadNZNyYtQOstggKbIpiRhNUdGtQmORGEVUTUBSTrMBpJSg0dELLfH8sRRRI:1rHCc5:douGUuebNeArGOfqaLs_TyQxl-pQKfqTcKKWFSelAug", "expire_date": "2024-01-07T00:45:05.707Z"}}, {"model": "sessions.session", "pk": "ttzdbyhgi5puvwjjcxtksknxiletmj1e", "fields": {"session_data": ".eJxVjDsOwyAQRO9CHSHMZwGX6XMGtJh1TD44MriKcvfYkoukmWLmzXuzgGubwlppCTmxnnXs9NtFHO5U9iHdsFxnPsylLTnyHeHHWvllTvQ4H-yfYMI6bW_nDWjrRzJCGbNFlMpSUjCisEY7cAbIiyisREQdHVrvEnQo5aAVul1aqdY8l5BLbqHlJ9WGz1dgfWeF8iC0Bi7sZpLw-QL6ZEUa:1rJdx0:ABLke8_njPNZTU_oXng86qX5ciIbAYVMCIiYXicICeo", "expire_date": "2024-01-13T18:20:46.119Z"}}, {"model": "sessions.session", "pk": "vw9751slvu5u0eyscjey15uevp1r0xpb", "fields": {"session_data": ".eJxVjrkOwjAQRP_FNbJ2TeIjJT3fYHl9EHM4KHYqxL-ToBTQznszmhezbmmjXWqcbQ5sYIIdfjNy_hbLBsLVlcvE_VTanIlvCt9p5ecpxPtpd_8GRlfHtZ2ERNl53QvogpYeqAcIEkgYSriilJCkol6JLjpQmhCU00cwAZHi91WNteap2Fxysy0_Ym3u8bRsQCVQaSMl8s4YDaDeHxXSRVw:1sWS8z:s4JBmddhRB3mGA-fVCECh93fau41-CugaXiE0gmVZBY", "expire_date": "2024-08-07T02:54:21.538Z"}}, {"model": "perfil.perfil", "pk": 1, "fields": {"usuario": 1, "foto": "perfil/foto/Screenshot_17.png", "ocupacao": "", "descricao": "teste", "genero": "", "telefone": "", "cidade": "", "estado": ""}}, {"model": "perfil.perfil", "pk": 2, "fields": {"usuario": 2, "foto": "perfil/foto/python1.jpg", "ocupacao": "", "descricao": "", "genero": "", "telefone": "", "cidade": "", "estado": ""}}, {"model": "perfil.perfil", "pk": 3, "fields": {"usuario": 3, "foto": "perfil/foto/Screenshot_4_mXX5Qlk.png", "ocupacao": "", "descricao": "", "genero": "", "telefone": "", "cidade": "", "estado": ""}}, {"model": "pages.pagina", "pk": 1, "fields": {"nome": "inicio"}}, {"model": "pages.pagina", "pk": 2, "fields": {"nome": "sobre"}}, {"model": "pages.pagina", "pk": 3, "fields": {"nome": "faq"}}, {"model": "pages.pagina", "pk": 4, "fields": {"nome": "contato"}}, {"model": "pages.pagina", "pk": 5, "fields": {"nome": "noticias"}}, {"model": "pages.pagina", "pk": 6, "fields": {"nome": "beneficios"}}, {"model": "pages.tipobloco", "pk": 1, "fields": {"nome": "SLIDE"}}, {"model": "pages.tipobloco", "pk": 2, "fields": {"nome": "BANNER_1"}}, {"model": "pages.tipobloco", "pk": 3, "fields": {"nome": "CARDS"}}, {"model": "pages.tipobloco", "pk": 4, "fields": {"nome": "BANNER_2"}}, {"model": "pages.tipobloco", "pk": 5, "fields": {"nome": "CARDS_2"}}, {"model": "pages.tipobloco", "pk": 6, "fields": {"nome": "BANNER_4"}}, {"model": "pages.tipobloco", "pk": 7, "fields": {"nome": "BANNER_3"}}, {"model": "pages.tipobloco", "pk": 8, "fields": {"nome": "CONTATO"}}, {"model": "pages.tipobloco", "pk": 9, "fields": {"nome": "FAQ"}}, {"model": "pages.tipobloco", "pk": 10, "fields": {"nome": "CARD_3"}}, {"model": "pages.tipobloco", "pk": 11, "fields": {"nome": "POSTS_RECENTS"}}, {"model": "pages.tipobloco", "pk": 12, "fields": {"nome": "SEARCH"}}, {"model": "pages.tipobloco", "pk": 13, "fields": {"nome": "CARD_4"}}, {"model": "pages.tipobloco", "pk": 14, "fields": {"nome": "CARD_5"}}, {"model": "pages.conteudo", "pk": 1, "fields": {"nome": "slide 1", "imagem": "paginas/imagem/direitos-trabalhistas-dos-médicos.jpg", "icone": null, "cor_label": null, "titulo_1": "Estamos aqui para o seu cuidado", "titulo_2": "BEM-VINDO À ABC EMPRESA", "descricao_1": "Espero que isso atenda às suas necessidades!", "descricao_2": "Bem, bem longe, atrás das montanhas de palavras, distante dos países Vokalia e Consonantia, vivem os textos cegos. Separados, eles vivem em Bookmarksgrove.", "descricao_3": null, "descricao_4": null, "titulo_botao_1": "Saiba mais", "rota_botao_1": "home", "titulo_botao_2": null, "rota_botao_2": null}}, {"model": "pages.conteudo", "pk": 2, "fields": {"nome": "slide 2", "imagem": "paginas/imagem/prontuario_site_gettyimages.webp", "icone": null, "cor_label": null, "titulo_1": "Estamos aqui para o seu cuidado", "titulo_2": "BEM-VINDO À ABC EMPRESA", "descricao_1": "Espero que isso atenda às suas necessidades!", "descricao_2": "Bem, bem longe, atrás das montanhas de palavras, distante dos países Vokalia e Consonantia, vivem os textos cegos. Separados, eles vivem em Bookmarksgrove.", "descricao_3": null, "descricao_4": null, "titulo_botao_1": "Saiba mais", "rota_botao_1": "home", "titulo_botao_2": null, "rota_botao_2": null}}, {"model": "pages.conteudo", "pk": 3, "fields": {"nome": "slide 3", "imagem": "paginas/imagem/medico.jpg", "icone": null, "cor_label": null, "titulo_1": "Estamos aqui para o seu cuidado", "titulo_2": "BEM-VINDO À ABC EMPRESA", "descricao_1": "Espero que isso atenda às suas necessidades!", "descricao_2": "Bem, bem longe, atrás das montanhas de palavras, distante dos países Vokalia e Consonantia, vivem os textos cegos. Separados, eles vivem em Bookmarksgrove.", "descricao_3": null, "descricao_4": null, "titulo_botao_1": "Saiba mais", "rota_botao_1": "home", "titulo_botao_2": "Blog", "rota_botao_2": "lista-postagem-forum"}}, {"model": "pages.conteudo", "pk": 4, "fields": {"nome": "banner 1", "imagem": "paginas/imagem/cd19560e-c394-481d-99a5-702d4a89d590.jpg", "icone": null, "cor_label": null, "titulo_1": "Somos a ABC EMPRESA, uma empresa medica", "titulo_2": null, "descricao_1": "Nossa missão é fornecer soluções inovadoras e de alta qualidade para atender às necessidades da área da saúde.", "descricao_2": "Nosso compromisso é oferecer equipamentos de última geração que proporcionem resultados precisos e confiáveis.", "descricao_3": null, "descricao_4": null, "titulo_botao_1": "Saiba mais", "rota_botao_1": "home", "titulo_botao_2": "Blog", "rota_botao_2": "lista-postagem-forum"}}, {"model": "pages.conteudo", "pk": 5, "fields": {"nome": "cards 1", "imagem": "", "icone": "fas fa-medkit fa-3x", "cor_label": "#d63384", "titulo_1": "Kits Médicos", "titulo_2": null, "descricao_1": "Oferecemos uma variedade de kits médicos completos e prontos para uso e montados para atender às necessidades específicas de cada tipo de procedimento médico.", "descricao_2": "", "descricao_3": null, "descricao_4": null, "titulo_botao_1": null, "rota_botao_1": null, "titulo_botao_2": null, "rota_botao_2": null}}, {"model": "pages.conteudo", "pk": 6, "fields": {"nome": "cards 2", "imagem": "", "icone": "fas fa-stethoscope fa-3x", "cor_label": "#337ad6", "titulo_1": "Produtos Químicos", "titulo_2": null, "descricao_1": "Nossa empresa oferece uma ampla variedade de produtos químicos essenciais para o campo da saúde. Trabalhamos com os melhores fornecedores para garantir a qualidade e segurança.", "descricao_2": "", "descricao_3": null, "descricao_4": null, "titulo_botao_1": null, "rota_botao_1": null, "titulo_botao_2": null, "rota_botao_2": null}}, {"model": "pages.conteudo", "pk": 7, "fields": {"nome": "cards 3", "imagem": "", "icone": "fas fa-user-md fa-3x", "cor_label": "#40d633", "titulo_1": "Equipe Qualificada", "titulo_2": null, "descricao_1": "Contamos com uma equipe altamente qualificada de profissionais de saúde. Nossos especialistas possuem amplo conhecimento e experiência garantindo um atendimento de qualidade e eficiência.", "descricao_2": "", "descricao_3": null, "descricao_4": null, "titulo_botao_1": null, "rota_botao_1": null, "titulo_botao_2": null, "rota_botao_2": null}}, {"model": "pages.conteudo", "pk": 8, "fields": {"nome": "cards 4", "imagem": "", "icone": "fas fa-syringe fa-3x", "cor_label": "#f3d531", "titulo_1": "Equipamentos", "titulo_2": null, "descricao_1": "Oferecemos uma ampla variedade equipamentos médicos de última geração. Nossos equipamentos são projetados para atender às necessidades de diferentes áreas da saúde.", "descricao_2": "", "descricao_3": null, "descricao_4": null, "titulo_botao_1": null, "rota_botao_1": null, "titulo_botao_2": null, "rota_botao_2": null}}, {"model": "pages.conteudo", "pk": 9, "fields": {"nome": "banner 2", "imagem": "paginas/imagem/medico_epgLahi.jpg", "icone": null, "cor_label": null, "titulo_1": "Sua saúde é nossa prioridade", "titulo_2": null, "descricao_1": "Podemos administrar seu projeto dos sonhos. Um pequeno rio chamado ABC Empresa flui próximo ao nosso local.", "descricao_2": "", "descricao_3": null, "descricao_4": null, "titulo_botao_1": "Pesquisar Áreas", "rota_botao_1": "home", "titulo_botao_2": null, "rota_botao_2": null}}, {"model": "pages.conteudo", "pk": 10, "fields": {"nome": "card area 1", "imagem": "paginas/imagem/Screenshot_4.png", "icone": null, "cor_label": null, "titulo_1": "Odontologia", "titulo_2": null, "descricao_1": "Envolve o diagnóstico, prevenção e tratamento de doenças e condições orais, como cáries, doença periodontal e problemas de má oclusão.", "descricao_2": "", "descricao_3": null, "descricao_4": null, "titulo_botao_1": null, "rota_botao_1": null, "titulo_botao_2": null, "rota_botao_2": null}}, {"model": "pages.conteudo", "pk": 11, "fields": {"nome": "card area 2", "imagem": "paginas/imagem/Screenshot_2.png", "icone": null, "cor_label": null, "titulo_1": "Medicina", "titulo_2": null, "descricao_1": "Envolve o diagnóstico, tratamento e prevenção de doenças e lesões, utilizando uma variedade de abordagens, como medicamentos, cirurgias e terapias.", "descricao_2": "", "descricao_3": null, "descricao_4": null, "titulo_botao_1": null, "rota_botao_1": null, "titulo_botao_2": null, "rota_botao_2": null}}, {"model": "pages.conteudo", "pk": 12, "fields": {"nome": "card area 3", "imagem": "paginas/imagem/Screenshot_1.png", "icone": null, "cor_label": null, "titulo_1": "Enfermagem", "titulo_2": null, "descricao_1": "Cuida dos pacientes, fornecendo cuidados diretos, administrando medicamentos, monitorando sinais vitais e auxiliando no processo de recuperação.", "descricao_2": "", "descricao_3": null, "descricao_4": null, "titulo_botao_1": null, "rota_botao_1": null, "titulo_botao_2": null, "rota_botao_2": null}}, {"model": "pages.conteudo", "pk": 13, "fields": {"nome": "card area 4", "imagem": "paginas/imagem/Screenshot_3.png", "icone": null, "cor_label": null, "titulo_1": "Fisioterapia", "titulo_2": null, "descricao_1": "Ajuda na reabilitação e tratamento de lesões ou condições físicas por meio de terapias físicas, exercícios e técnicas manuais.", "descricao_2": "", "descricao_3": null, "descricao_4": null, "titulo_botao_1": null, "rota_botao_1": null, "titulo_botao_2": null, "rota_botao_2": null}}, {"model": "pages.conteudo", "pk": 14, "fields": {"nome": "card area 5", "imagem": "paginas/imagem/Screenshot_5.png", "icone": null, "cor_label": null, "titulo_1": "Estética", "titulo_2": null, "descricao_1": "A estética está relacionada a procedimentos e tratamentos que visam melhorar a aparência estética do corpo.", "descricao_2": "", "descricao_3": null, "descricao_4": null, "titulo_botao_1": null, "rota_botao_1": null, "titulo_botao_2": null, "rota_botao_2": null}}, {"model": "pages.conteudo", "pk": 15, "fields": {"nome": "card area 6", "imagem": "paginas/imagem/Screenshot_6.png", "icone": null, "cor_label": null, "titulo_1": "Fonoaudiologia", "titulo_2": null, "descricao_1": "A fonoaudiologia lida com distúrbios da comunicação, linguagem, fala, voz e deglutição, oferecendo diagnóstico, terapia e reabilitação nessas áreas.", "descricao_2": "", "descricao_3": null, "descricao_4": null, "titulo_botao_1": null, "rota_botao_1": null, "titulo_botao_2": null, "rota_botao_2": null}}, {"model": "pages.conteudo", "pk": 16, "fields": {"nome": "card area 7", "imagem": "paginas/imagem/Screenshot_7.png", "icone": null, "cor_label": null, "titulo_1": "Podologia", "titulo_2": null, "descricao_1": "A podologia é especializada no estudo, diagnóstico e tratamento de doenças e condições dos pés e tornozelos, como unhas encravadas, calosidades e deformidades.", "descricao_2": "", "descricao_3": null, "descricao_4": null, "titulo_botao_1": null, "rota_botao_1": null, "titulo_botao_2": null, "rota_botao_2": null}}, {"model": "pages.conteudo", "pk": 17, "fields": {"nome": "card area 8", "imagem": "paginas/imagem/Screenshot_8.png", "icone": null, "cor_label": null, "titulo_1": "Laserpuntura", "titulo_2": null, "descricao_1": "A laserpuntura é uma terapia que combina os princípios da acupuntura com o uso de lasers de baixa intensidade para estimular pontos específicos do corpo.", "descricao_2": "", "descricao_3": null, "descricao_4": null, "titulo_botao_1": null, "rota_botao_1": null, "titulo_botao_2": null, "rota_botao_2": null}}, {"model": "pages.conteudo", "pk": 18, "fields": {"nome": "card area 9", "imagem": "paginas/imagem/Screenshot_9.png", "icone": null, "cor_label": null, "titulo_1": "Veterinária", "titulo_2": null, "descricao_1": "A medicina veterinária é dedicada ao cuidado da saúde e bem-estar dos animais, incluindo diagnóstico, tratamento e prevenção de doenças em animais domésticos e selvagens.", "descricao_2": "", "descricao_3": null, "descricao_4": null, "titulo_botao_1": null, "rota_botao_1": null, "titulo_botao_2": null, "rota_botao_2": null}}, {"model": "pages.conteudo", "pk": 19, "fields": {"nome": "banner 4", "imagem": "paginas/imagem/prontuario_site_gettyimages_h1ty4iN.webp", "icone": null, "cor_label": null, "titulo_1": "Mais de 5.100 profissionais confiam em nós", "titulo_2": "INDICE DE SATISFAÇÃO", "descricao_1": "30 Anos de Experiência", "descricao_2": "+6.000 Profissionais", "descricao_3": "+100.000 Equipamentos", "descricao_4": "100% De Satisfação", "titulo_botao_1": "Saiba mais", "rota_botao_1": "home", "titulo_botao_2": null, "rota_botao_2": null}}, {"model": "pages.conteudo", "pk": 20, "fields": {"nome": "banner 3", "imagem": "paginas/imagem/Screenshot_10.png", "icone": null, "cor_label": null, "titulo_1": "Forum ABC EMPRESA", "titulo_2": null, "descricao_1": "Caso tenha dúvidas, você pode se inscrever em nosso fórum. Lá, você encontrará uma comunidade dedicada pronta para ajudar e compartilhar conhecimento.", "descricao_2": "Nossos membros estão ansiosos para responder suas perguntas e fornecer orientações. Não hesite em se juntar a nós e fazer parte dessa troca de informações valiosa. Esperamos vê-lo lá!", "descricao_3": null, "descricao_4": null, "titulo_botao_1": "Forum Online", "rota_botao_1": "home", "titulo_botao_2": "Blog", "rota_botao_2": "lista-postagem-forum"}}, {"model": "pages.conteudo", "pk": 21, "fields": {"nome": "contato 1", "imagem": "paginas/imagem/beautiful-young-female-doctor-looking-camera-office.jpg", "icone": "fas fa-home fa-4x", "cor_label": null, "titulo_1": "Endereço", "titulo_2": null, "descricao_1": "198 West 21th Street, Suite 721 New York NY 10016", "descricao_2": "", "descricao_3": null, "descricao_4": null, "titulo_botao_1": null, "rota_botao_1": null, "titulo_botao_2": null, "rota_botao_2": null}}, {"model": "pages.conteudo", "pk": 22, "fields": {"nome": "contato 2", "imagem": "", "icone": "fas fa-phone fa-4x", "cor_label": null, "titulo_1": "WhatsApp", "titulo_2": null, "descricao_1": "(16) 9 9425-6485", "descricao_2": "", "descricao_3": null, "descricao_4": null, "titulo_botao_1": null, "rota_botao_1": null, "titulo_botao_2": null, "rota_botao_2": null}}, {"model": "pages.conteudo", "pk": 23, "fields": {"nome": "contato 3", "imagem": "", "icone": "fas fa-at fa-4x", "cor_label": null, "titulo_1": "E-mail", "titulo_2": null, "descricao_1": "contato.leticialima.me@gmail.com", "descricao_2": "", "descricao_3": null, "descricao_4": null, "titulo_botao_1": null, "rota_botao_1": null, "titulo_botao_2": null, "rota_botao_2": null}}, {"model": "pages.conteudo", "pk": 24, "fields": {"nome": "contato 4", "imagem": "", "icone": "fas fa-globe fa-4x", "cor_label": null, "titulo_1": "Site", "titulo_2": null, "descricao_1": "seusite.com.br", "descricao_2": "", "descricao_3": null, "descricao_4": null, "titulo_botao_1": null, "rota_botao_1": null, "titulo_botao_2": null, "rota_botao_2": null}}, {"model": "pages.conteudo", "pk": 25, "fields": {"nome": "faq 1", "imagem": "", "icone": null, "cor_label": null, "titulo_1": "What is Lorem Ipsum?", "titulo_2": null, "descricao_1": "Lorem Ipsum is simply dummy text of the printing and typesetting industry. Lorem Ipsum has been the industry's standard dummy text ever since the 1500s", "descricao_2": "", "descricao_3": null, "descricao_4": null, "titulo_botao_1": null, "rota_botao_1": null, "titulo_botao_2": null, "rota_botao_2": null}}, {"model": "pages.conteudo", "pk": 26, "fields": {"nome": "faq 2", "imagem": "", "icone": null, "cor_label": null, "titulo_1": "What is Lorem Ipsum?", "titulo_2": null, "descricao_1": "Lorem Ipsum is simply dummy text of the printing and typesetting industry. Lorem Ipsum has been the industry's standard dummy text ever since the 1500s", "descricao_2": "", "descricao_3": null, "descricao_4": null, "titulo_botao_1": null, "rota_botao_1": null, "titulo_botao_2": null, "rota_botao_2": null}}, {"model": "pages.conteudo", "pk": 27, "fields": {"nome": "faq 3", "imagem": "", "icone": null, "cor_label": null, "titulo_1": "What is Lorem Ipsum?", "titulo_2": null, "descricao_1": "Lorem Ipsum is simply dummy text of the printing and typesetting industry. Lorem Ipsum has been the industry's standard dummy text ever since the 1500s", "descricao_2": "", "descricao_3": null, "descricao_4": null, "titulo_botao_1": null, "rota_botao_1": null, "titulo_botao_2": null, "rota_botao_2": null}}, {"model": "pages.conteudo", "pk": 28, "fields": {"nome": "Desconto em Loja X", "imagem": "", "icone": null, "cor_label": null, "titulo_1": "Ganhe 20% de desconto em todos os produtos da Loja X apresentando seu cartão de membro.", "titulo_2": null, "descricao_1": null, "descricao_2": "", "descricao_3": null, "descricao_4": null, "titulo_botao_1": null, "rota_botao_1": null, "titulo_botao_2": null, "rota_botao_2": null}}, {"model": "pages.conteudo", "pk": 29, "fields": {"nome": "Promoção em Restaurante Y", "imagem": "", "icone": null, "cor_label": null, "titulo_1": "Desconto de 15% em refeições no Restaurante Y para todos os membros da ONG.", "titulo_2": null, "descricao_1": null, "descricao_2": "", "descricao_3": null, "descricao_4": null, "titulo_botao_1": null, "rota_botao_1": null, "titulo_botao_2": null, "rota_botao_2": null}}, {"model": "pages.conteudo", "pk": 30, "fields": {"nome": "Oferta Especial em Serviços Z", "imagem": "", "icone": null, "cor_label": null, "titulo_1": "Aproveite 10% de desconto em serviços selecionados da Empresa Z.", "titulo_2": null, "descricao_1": null, "descricao_2": "", "descricao_3": null, "descricao_4": null, "titulo_botao_1": null, "rota_botao_1": null, "titulo_botao_2": null, "rota_botao_2": null}}, {"model": "pages.blocos", "pk": 1, "fields": {"ordem": "1", "titulo": "Slide", "descricao": "", "pagina": 1, "bloco": 1, "ativo": false, "conteudo": [1, 2, 3], "posts": []}}, {"model": "pages.blocos", "pk": 2, "fields": {"ordem": "2", "titulo": "banner 1", "descricao": "", "pagina": 1, "bloco": 2, "ativo": false, "conteudo": [4], "posts": []}}, {"model": "pages.blocos", "pk": 3, "fields": {"ordem": "3", "titulo": "Nossos Serviços", "descricao": "", "pagina": 1, "bloco": 3, "ativo": true, "conteudo": [5, 6, 7, 8], "posts": []}}, {"model": "pages.blocos", "pk": 4, "fields": {"ordem": "4", "titulo": "banner", "descricao": "", "pagina": 1, "bloco": 4, "ativo": false, "conteudo": [9], "posts": []}}, {"model": "pages.blocos", "pk": 5, "fields": {"ordem": "5", "titulo": "Áreas de Especialidades", "descricao": "", "pagina": 1, "bloco": 5, "ativo": false, "conteudo": [10, 11, 12, 13, 14, 15, 16, 17, 18], "posts": []}}, {"model": "pages.blocos", "pk": 6, "fields": {"ordem": "6", "titulo": "banner 4", "descricao": "", "pagina": 1, "bloco": 6, "ativo": false, "conteudo": [19], "posts": []}}, {"model": "pages.blocos", "pk": 7, "fields": {"ordem": "1", "titulo": "banner 3", "descricao": "", "pagina": 6, "bloco": 7, "ativo": true, "conteudo": [20], "posts": []}}, {"model": "pages.blocos", "pk": 8, "fields": {"ordem": "8", "titulo": "Contato", "descricao": "", "pagina": 1, "bloco": 8, "ativo": true, "conteudo": [21, 22, 23, 24], "posts": []}}, {"model": "pages.blocos", "pk": 9, "fields": {"ordem": "1", "titulo": "sobre 1", "descricao": "", "pagina": 2, "bloco": 2, "ativo": true, "conteudo": [4], "posts": []}}, {"model": "pages.blocos", "pk": 10, "fields": {"ordem": "1", "titulo": "Contato", "descricao": "", "pagina": 4, "bloco": 8, "ativo": true, "conteudo": [21, 22, 23, 24], "posts": []}}, {"model": "pages.blocos", "pk": 11, "fields": {"ordem": "1", "titulo": "faq", "descricao": "", "pagina": 3, "bloco": 9, "ativo": true, "conteudo": [25, 26, 27], "posts": []}}, {"model": "pages.blocos", "pk": 12, "fields": {"ordem": "1", "titulo": "Destaque de Notícias", "descricao": "", "pagina": 1, "bloco": 10, "ativo": true, "conteudo": [], "posts": [4, 3, 5, 2, 1]}}, {"model": "pages.blocos", "pk": 13, "fields": {"ordem": "5", "titulo": "Postagens Recentes", "descricao": "", "pagina": 1, "bloco": 11, "ativo": true, "conteudo": [], "posts": [6, 4, 3, 5, 2, 1]}}, {"model": "pages.blocos", "pk": 14, "fields": {"ordem": "4", "titulo": "SEARCH", "descricao": "", "pagina": 1, "bloco": 12, "ativo": true, "conteudo": [], "posts": []}}, {"model": "pages.blocos", "pk": 15, "fields": {"ordem": "2", "titulo": "Informações adicionais", "descricao": "Informações Adicionais que voce precisa saber", "pagina": 5, "bloco": 13, "ativo": true, "conteudo": [], "posts": [69, 6, 4, 3, 2]}}, {"model": "pages.blocos", "pk": 16, "fields": {"ordem": "3", "titulo": "Descontos e Promoções", "descricao": "Ao se tornar membro, você ganha acesso exclusivo a descontos e promoções de várias empresas parceiras. Veja abaixo algumas das ofertas disponíveis para você", "pagina": 1, "bloco": 5, "ativo": true, "conteudo": [28, 29, 30], "posts": []}}, {"model": "pages.blocos", "pk": 17, "fields": {"ordem": "2", "titulo": "Beneficios", "descricao": "Ao se tornar membro, você ganha acesso exclusivo a descontos e promoções de várias empresas parceiras. Veja abaixo algumas das ofertas disponíveis para você", "pagina": 6, "bloco": 5, "ativo": true, "conteudo": [28, 29, 30], "posts": []}}, {"model": "forum.category", "pk": 1, "fields": {"name": "Educação", "description": "ONGs focadas em educação e alfabetização.", "slug": "educacao", "created_at": "2024-07-23T23:35:44.844Z", "updated_at": "2024-07-23T23:35:44.844Z"}}, {"model": "forum.category", "pk": 2, "fields": {"name": "Saúde", "description": "ONGs que promovem a saúde e bem-estar.", "slug": "saude", "created_at": "2024-07-23T23:35:44.850Z", "updated_at": "2024-07-23T23:35:44.850Z"}}, {"model": "forum.category", "pk": 3, "fields": {"name": "Meio Ambiente", "description": "ONGs dedicadas à conservação ambiental.", "slug": "meio-ambiente", "created_at": "2024-07-23T23:35:44.854Z", "updated_at": "2024-07-23T23:35:44.854Z"}}, {"model": "forum.category", "pk": 4, "fields": {"name": "Direitos Humanos", "description": "ONGs que defendem os direitos humanos.", "slug": "direitos-humanos", "created_at": "2024-07-23T23:35:44.858Z", "updated_at": "2024-07-23T23:35:44.858Z"}}, {"model": "forum.category", "pk": 5, "fields": {"name": "Animais", "description": "ONGs que protegem e resgatam animais.", "slug": "animais", "created_at": "2024-07-23T23:35:44.862Z", "updated_at": "2024-07-23T23:35:44.862Z"}}, {"model": "forum.category", "pk": 6, "fields": {"name": "Cultura", "description": "ONGs que promovem cultura e artes.", "slug": "cultura", "created_at": "2024-07-23T23:35:44.866Z", "updated_at": "2024-07-23T23:35:44.866Z"}}, {"model": "forum.category", "pk": 7, "fields": {"name": "Assistência Social", "description": "ONGs que oferecem suporte social.", "slug": "assistencia-social", "created_at": "2024-07-23T23:35:44.870Z", "updated_at": "2024-07-23T23:35:44.870Z"}}, {"model": "forum.category", "pk": 8, "fields": {"name": "Desenvolvimento Comunitário", "description": "ONGs que fortalecem comunidades.", "slug": "desenvolvimento-comunitario", "created_at": "2024-07-23T23:35:44.873Z", "updated_at": "2024-07-23T23:35:44.873Z"}}, {"model": "forum.category", "pk": 9, "fields": {"name": "Crianças", "description": "ONGs que trabalham com crianças e jovens.", "slug": "criancas", "created_at": "2024-07-23T23:35:44.877Z", "updated_at": "2024-07-23T23:35:44.877Z"}}, {"model": "forum.category", "pk": 10, "fields": {"name": "Empoderamento Feminino", "description": "ONGs que promovem a igualdade de gênero.", "slug": "empoderamento-feminino", "created_at": "2024-07-23T23:35:44.880Z", "updated_at": "2024-07-23T23:35:44.880Z"}}, {"model": "forum.category", "pk": 11, "fields": {"name": "Esportes", "description": "ONGs que incentivam a prática de esportes.", "slug": "esportes", "created_at": "2024-07-23T23:35:44.884Z", "updated_at": "2024-07-23T23:35:44.884Z"}}, {"model": "forum.category", "pk": 12, "fields": {"name": "Tecnologia", "description": "ONGs que utilizam tecnologia para o bem social.", "slug": "tecnologia", "created_at": "2024-07-23T23:35:44.887Z", "updated_at": "2024-07-23T23:35:44.887Z"}}, {"model": "forum.tag", "pk": 1, "fields": {"name": "Voluntariado"}}, {"model": "forum.tag", "pk": 2, "fields": {"name": "Doações"}}, {"model": "forum.tag", "pk": 3, "fields": {"name": "Sustentabilidade"}}, {"model": "forum.tag", "pk": 4, "fields": {"name": "Inclusão"}}, {"model": "forum.tag", "pk": 5, "fields": {"name": "Igualdade"}}, {"model": "forum.tag", "pk": 6, "fields": {"name": "Educação"}}, {"model": "forum.tag", "pk": 7, "fields": {"name": "Saúde"}}, {"model": "forum.tag", "pk": 8, "fields": {"name": "Cultura"}}, {"model": "forum.tag", "pk": 9, "fields": {"name": "Ambiente"}}, {"model": "forum.tag", "pk": 10, "fields": {"name": "Direitos"}}, {"model": "forum.tag", "pk": 11, "fields": {"name": "Animais"}}, {"model": "forum.postagemforum", "pk": 1, "fields": {"usuario": 1, "titulo": "Laser não aparece a leitura", "descricao": "Lorem Ipsum is simply dummy text of the printing and typesetting industry. Lorem Ipsum has been the industry's standard dummy text ever since the 1500s, when an unknown printer took a galley of type and scrambled it to make a type specimen book. It has survived not only five centuries, but also the leap into electronic typesetting, remaining essent", "data_publicacao": "2023-12-23", "data_criacao": "2023-12-24T01:37:51Z", "ativo": true, "anexar_imagem": "", "slug": "como-ter-acesso-ao-logs-do-servidor-django-uippg", "categories": [], "tags": []}}, {"model": "forum.postagemforum", "pk": 2, "fields": {"usuario": 1, "titulo": "Erro ao ligar o Equipamento", "descricao": "Lorem Ipsum is simply dummy text of the printing and typesetting industry. Lorem Ipsum has been the industry's standard dummy text ever since the 1500s, when an unknown printer took a galley of type and scrambled it to make a type specimen book. It has survived not only five centuries, but also the leap into electronic typesetting, remaining essent", "data_publicacao": "2023-12-24", "data_criacao": "2023-12-24T10:36:39Z", "ativo": true, "anexar_imagem": "postagem-forum/Screenshot_9.png", "slug": "erro-ao-ligar-o-equipamento-xmvbp", "categories": [], "tags": []}}, {"model": "forum.postagemforum", "pk": 3, "fields": {"usuario": 1, "titulo": "ONG Lança Novo Site para Facilitar Doações", "descricao": "A ONG Esperança Viva lançou um novo site intuitivo para facilitar o processo de doação. Com um design amigável e seguro, os doadores podem contribuir com apenas alguns cliques. A plataforma oferece diversas opções de pagamento e transparência nas transações. Espera-se um aumento significativo nas doações.", "data_publicacao": null, "data_criacao": "2024-07-23T23:00:40Z", "ativo": false, "anexar_imagem": "", "slug": "ong-lanca-novo-site-para-facilitar-doacoes-4l70c", "categories": [], "tags": []}}, {"model": "forum.postagemforum", "pk": 4, "fields": {"usuario": 1, "titulo": "Sistema de Voluntariado Digital é Implementado por ONG", "descricao": "A ONG Mãos Abertas implementou um sistema digital para gestão de voluntários. O sistema permite a inscrição, organização e acompanhamento de atividades voluntárias de forma eficiente. Voluntários podem se inscrever online e acompanhar suas horas de serviço. A iniciativa visa aumentar a participação comunitária.", "data_publicacao": null, "data_criacao": "2024-07-23T23:00:55Z", "ativo": false, "anexar_imagem": "", "slug": "sistema-de-voluntariado-digital-e-implementado-por-ong-kdmpd", "categories": [], "tags": []}}, {"model": "forum.postagemforum", "pk": 5, "fields": {"usuario": 1, "titulo": "Parceria entre ONGs Cria Plataforma de Educação", "descricao": "Duas ONGs se uniram para criar uma plataforma online de educação para comunidades carentes. A plataforma oferece cursos gratuitos e recursos educativos para crianças e adultos. A iniciativa busca reduzir o analfabetismo e promover o desenvolvimento pessoal. O projeto já está beneficiando ce", "data_publicacao": null, "data_criacao": "2024-07-23T22:59:53Z", "ativo": false, "anexar_imagem": "", "slug": "parceria-entre-ongs-cria-plataforma-de-educacao-ts68s", "categories": [], "tags": []}}, {"model": "forum.postagemforum", "pk": 6, "fields": {"usuario": 1, "titulo": "ONG Utiliza Sistema de Gestão para Melhorar Transparência", "descricao": "A ONG Luz do Amanhã adotou um novo sistema de gestão para aumentar a transparência de suas operações. O sistema permite o acompanhamento detalhado de doações e despesas. Relatórios financeiros são atualizados em tempo real e disponíveis para consulta pública. A medida visa fortale", "data_publicacao": null, "data_criacao": "2024-07-23T23:01:30Z", "ativo": false, "anexar_imagem": "", "slug": "ong-utiliza-sistema-de-gestao-para-melhorar-transparencia-gzwfg", "categories": [], "tags": []}}, {"model": "forum.postagemforum", "pk": 32, "fields": {"usuario": 1, "titulo": "aaNovo Programa de Alfabetização", "descricao": "A ONG Educa+ lançou um novo programa de alfabetização para crianças em comunidades carentes.", "data_publicacao": null, "data_criacao": "2024-07-23T23:51:06.415Z", "ativo": true, "anexar_imagem": "", "slug": "aanovo-programa-de-alfabetizacao", "categories": [], "tags": []}}, {"model": "forum.postagemforum", "pk": 33, "fields": {"usuario": 1, "titulo": "Campanha de Vacinação", "descricao": "A ONG Saúde para Todos está organizando uma campanha de vacinação contra a gripe.", "data_publicacao": null, "data_criacao": "2024-07-23T23:51:06.421Z", "ativo": true, "anexar_imagem": "", "slug": "campanha-de-vacinacao", "categories": [], "tags": []}}, {"model": "forum.postagemforum", "pk": 34, "fields": {"usuario": 1, "titulo": "Plantio de Árvores", "descricao": "A ONG Verde Vida realiza um evento de plantio de árvores no próximo fim de semana.", "data_publicacao": null, "data_criacao": "2024-07-23T23:51:06.427Z", "ativo": true, "anexar_imagem": "", "slug": "plantio-de-arvores", "categories": [], "tags": []}}, {"model": "forum.postagemforum", "pk": 35, "fields": {"usuario": 1, "titulo": "Defesa dos Direitos Humanos", "descricao": "A ONG Direitos Humanos Já promove uma palestra sobre os direitos das mulheres.", "data_publicacao": null, "data_criacao": "2024-07-23T23:51:06.433Z", "ativo": true, "anexar_imagem": "", "slug": "defesa-dos-direitos-humanos", "categories": [], "tags": []}}, {"model": "forum.postagemforum", "pk": 36, "fields": {"usuario": 1, "titulo": "Adoção de Animais", "descricao": "A ONG Amigo Fiel organiza uma feira de adoção de cães e gatos.", "data_publicacao": null, "data_criacao": "2024-07-23T23:51:06.439Z", "ativo": true, "anexar_imagem": "", "slug": "adocao-de-animais", "categories": [], "tags": []}}, {"model": "forum.postagemforum", "pk": 37, "fields": {"usuario": 1, "titulo": "Oficina de Arte para Crianças", "descricao": "A ONG Cultura Viva oferece oficinas de arte para crianças em situação de vulnerabilidade.", "data_publicacao": null, "data_criacao": "2024-07-23T23:51:06.443Z", "ativo": true, "anexar_imagem": "", "slug": "oficina-de-arte-para-criancas", "categories": [], "tags": []}}, {"model": "forum.postagemforum", "pk": 38, "fields": {"usuario": 1, "titulo": "Doações de Alimentos", "descricao": "A ONG Mãos que Ajudam arrecada e distribui alimentos para famílias necessitadas.", "data_publicacao": null, "data_criacao": "2024-07-23T23:51:06.449Z", "ativo": true, "anexar_imagem": "", "slug": "doacoes-de-alimentos", "categories": [], "tags": []}}, {"model": "forum.postagemforum", "pk": 39, "fields": {"usuario": 1, "titulo": "Melhoria de Infraestrutura Comunitária", "descricao": "A ONG Comunidade Forte trabalha na melhoria da infraestrutura de bairros carentes.", "data_publicacao": null, "data_criacao": "2024-07-23T23:51:06.453Z", "ativo": true, "anexar_imagem": "", "slug": "melhoria-de-infraestrutura-comunitaria", "categories": [], "tags": []}}, {"model": "forum.postagemforum", "pk": 40, "fields": {"usuario": 1, "titulo": "Atividades Recreativas para Crianças", "descricao": "A ONG Criança Feliz organiza atividades recreativas para crianças em abrigos.", "data_publicacao": null, "data_criacao": "2024-07-23T23:51:06.459Z", "ativo": true, "anexar_imagem": "", "slug": "atividades-recreativas-para-criancas", "categories": [], "tags": []}}, {"model": "forum.postagemforum", "pk": 41, "fields": {"usuario": 1, "titulo": "Workshop sobre Empoderamento Feminino", "descricao": "A ONG Mulheres Unidas promove um workshop sobre empoderamento feminino.", "data_publicacao": null, "data_criacao": "2024-07-23T23:51:06.464Z", "ativo": true, "anexar_imagem": "", "slug": "workshop-sobre-empoderamento-feminino", "categories": [], "tags": []}}, {"model": "forum.postagemforum", "pk": 42, "fields": {"usuario": 1, "titulo": "Torneio Esportivo Comunitário", "descricao": "A ONG Esporte e Vida realiza um torneio esportivo para jovens da comunidade.", "data_publicacao": null, "data_criacao": "2024-07-23T23:51:06.469Z", "ativo": true, "anexar_imagem": "", "slug": "torneio-esportivo-comunitario", "categories": [], "tags": []}}, {"model": "forum.postagemforum", "pk": 43, "fields": {"usuario": 1, "titulo": "Curso de Programação Gratuito", "descricao": "A ONG Tech4Good oferece um curso gratuito de programação para jovens.", "data_publicacao": null, "data_criacao": "2024-07-23T23:51:06.474Z", "ativo": true, "anexar_imagem": "", "slug": "curso-de-programacao-gratuito", "categories": [], "tags": []}}, {"model": "forum.postagemforum", "pk": 44, "fields": {"usuario": 1, "titulo": "Educação Ambiental nas Escolas", "descricao": "A ONG Verde Escola desenvolve um projeto de educação ambiental em escolas públicas.", "data_publicacao": null, "data_criacao": "2024-07-23T23:51:06.479Z", "ativo": true, "anexar_imagem": "", "slug": "educacao-ambiental-nas-escolas", "categories": [], "tags": []}}, {"model": "forum.postagemforum", "pk": 45, "fields": {"usuario": 1, "titulo": "Treinamento de Primeiros Socorros", "descricao": "A ONG Salvavidas oferece treinamento de primeiros socorros para a comunidade.", "data_publicacao": null, "data_criacao": "2024-07-23T23:51:06.484Z", "ativo": true, "anexar_imagem": "", "slug": "treinamento-de-primeiros-socorros", "categories": [], "tags": []}}, {"model": "forum.postagemforum", "pk": 46, "fields": {"usuario": 1, "titulo": "Palestra sobre Direitos Civis", "descricao": "A ONG Vozes Ativas organiza uma palestra sobre direitos civis e cidadania.", "data_publicacao": null, "data_criacao": "2024-07-23T23:51:06.489Z", "ativo": true, "anexar_imagem": "", "slug": "palestra-sobre-direitos-civis", "categories": [], "tags": []}}, {"model": "forum.postagemforum", "pk": 47, "fields": {"usuario": 1, "titulo": "Resgate de Animais em Situação de Risco", "descricao": "A ONG Protetores em Ação realiza resgates de animais em situação de risco.", "data_publicacao": null, "data_criacao": "2024-07-23T23:51:06.494Z", "ativo": true, "anexar_imagem": "", "slug": "resgate-de-animais-em-situacao-de-risco", "categories": [], "tags": []}}, {"model": "forum.postagemforum", "pk": 48, "fields": {"usuario": 1, "titulo": "Festival de Cultura Local", "descricao": "A ONG Raízes Culturais promove um festival para celebrar a cultura local.", "data_publicacao": null, "data_criacao": "2024-07-23T23:51:06.499Z", "ativo": true, "anexar_imagem": "", "slug": "festival-de-cultura-local", "categories": [], "tags": []}}, {"model": "forum.postagemforum", "pk": 49, "fields": {"usuario": 1, "titulo": "Assistência a Moradores de Rua", "descricao": "A ONG Cuidar de Todos oferece assistência a moradores de rua com doações e suporte psicológico.", "data_publicacao": null, "data_criacao": "2024-07-23T23:51:06.505Z", "ativo": true, "anexar_imagem": "", "slug": "assistencia-a-moradores-de-rua", "categories": [], "tags": []}}, {"model": "forum.postagemforum", "pk": 50, "fields": {"usuario": 1, "titulo": "Projeto de Reurbanização", "descricao": "A ONG Novo Amanhã trabalha em um projeto de reurbanização em favelas.", "data_publicacao": null, "data_criacao": "2024-07-23T23:51:06.510Z", "ativo": true, "anexar_imagem": "", "slug": "projeto-de-reurbanizacao", "categories": [], "tags": []}}, {"model": "forum.postagemforum", "pk": 51, "fields": {"usuario": 1, "titulo": "Apoio Psicológico para Crianças", "descricao": "A ONG Criança Segura oferece apoio psicológico para crianças vítimas de violência.", "data_publicacao": null, "data_criacao": "2024-07-23T23:51:06Z", "ativo": true, "anexar_imagem": "", "slug": "apoio-psicologico-para-criancas", "categories": [11, 12], "tags": [5, 7, 8]}}, {"model": "forum.postagemforum", "pk": 52, "fields": {"usuario": 1, "titulo": "Grupo de Apoio a Mulheres", "descricao": "A ONG Mulheres de Coragem cria um grupo de apoio para mulheres vítimas de violência doméstica.", "data_publicacao": null, "data_criacao": "2024-07-23T23:51:06Z", "ativo": true, "anexar_imagem": "", "slug": "grupo-de-apoio-a-mulheres", "categories": [1, 4, 6], "tags": [5, 7, 8]}}, {"model": "forum.postagemforum", "pk": 53, "fields": {"usuario": 1, "titulo": "Clínica de Saúde Gratuita", "descricao": "A ONG Saúde na Comunidade abre uma clínica gratuita para atendimento básico de saúde.", "data_publicacao": null, "data_criacao": "2024-07-23T23:51:06Z", "ativo": true, "anexar_imagem": "", "slug": "clinica-de-saude-gratuita", "categories": [7], "tags": [3, 5]}}, {"model": "forum.postagemforum", "pk": 54, "fields": {"usuario": 1, "titulo": "Campanha de Conscientização Ambiental", "descricao": "A ONG Terra Viva lança uma campanha de conscientização ambiental nas redes sociais.", "data_publicacao": null, "data_criacao": "2024-07-23T23:51:06Z", "ativo": true, "anexar_imagem": "", "slug": "campanha-de-conscientizacao-ambiental", "categories": [4], "tags": []}}, {"model": "forum.postagemforum", "pk": 55, "fields": {"usuario": 1, "titulo": "Curso de Teatro para Jovens", "descricao": "A ONG Arte Jovem oferece um curso de teatro gratuito para jovens da periferia.", "data_publicacao": null, "data_criacao": "2024-07-23T23:51:06Z", "ativo": true, "anexar_imagem": "", "slug": "curso-de-teatro-para-jovens", "categories": [4], "tags": []}}, {"model": "forum.postagemforum", "pk": 56, "fields": {"usuario": 1, "titulo": "Distribuição de Kits de Higiene", "descricao": "A ONG Solidariedade em Ação distribui kits de higiene para famílias afetadas pela pandemia.", "data_publicacao": null, "data_criacao": "2024-07-23T23:51:06Z", "ativo": true, "anexar_imagem": "", "slug": "distribuicao-de-kits-de-higiene", "categories": [11], "tags": []}}, {"model": "forum.postagemforum", "pk": 57, "fields": {"usuario": 1, "titulo": "Reforma de Espaços Públicos", "descricao": "A ONG Comunidade Renovada trabalha na reforma de praças e parques públicos.", "data_publicacao": null, "data_criacao": "2024-07-23T23:51:06Z", "ativo": true, "anexar_imagem": "", "slug": "reforma-de-espacos-publicos", "categories": [3], "tags": []}}, {"model": "forum.postagemforum", "pk": 58, "fields": {"usuario": 1, "titulo": "Brinquedoteca Itinerante", "descricao": "A ONG Alegria Criança leva uma brinquedoteca itinerante para áreas rurais.", "data_publicacao": null, "data_criacao": "2024-07-23T23:51:06Z", "ativo": true, "anexar_imagem": "", "slug": "brinquedoteca-itinerante", "categories": [12], "tags": []}}, {"model": "forum.postagemforum", "pk": 59, "fields": {"usuario": 1, "titulo": "Ciclo de Palestras sobre Igualdade de Gênero", "descricao": "A ONG Gênero em Foco promove um ciclo de palestras sobre igualdade de gênero.", "data_publicacao": null, "data_criacao": "2024-07-23T23:51:06Z", "ativo": true, "anexar_imagem": "", "slug": "ciclo-de-palestras-sobre-igualdade-de-genero", "categories": [2, 3, 8], "tags": [11]}}, {"model": "forum.postagemforum", "pk": 60, "fields": {"usuario": 1, "titulo": "Apoio a Pacientes com Doenças Crônicas", "descricao": "A ONG Vida Plena oferece apoio a pacientes com doenças crônicas e seus familiares.", "data_publicacao": null, "data_criacao": "2024-07-23T23:51:06Z", "ativo": true, "anexar_imagem": "", "slug": "apoio-a-pacientes-com-doencas-cronicas", "categories": [8, 9], "tags": [9, 10]}}, {"model": "forum.postagemforum", "pk": 61, "fields": {"usuario": 1, "titulo": "Limpeza de Praias", "descricao": "A ONG Oceanos Limpos organiza mutirões de limpeza de praias em todo o país.", "data_publicacao": null, "data_criacao": "2024-07-23T23:51:06.564Z", "ativo": true, "anexar_imagem": "", "slug": "limpeza-de-praias", "categories": [], "tags": []}}, {"model": "forum.postagemforum", "pk": 62, "fields": {"usuario": 1, "titulo": "Projeto de Música para Jovens", "descricao": "A ONG Som do Futuro oferece aulas de música para jovens de baixa renda.", "data_publicacao": null, "data_criacao": "2024-07-23T23:51:06.568Z", "ativo": true, "anexar_imagem": "", "slug": "projeto-de-musica-para-jovens", "categories": [], "tags": []}}, {"model": "forum.postagemforum", "pk": 63, "fields": {"usuario": 1, "titulo": "Doação de Roupas para Necessitados", "descricao": "A ONG Aquecer promove campanhas de doação de roupas para pessoas em situação de rua.", "data_publicacao": null, "data_criacao": "2024-07-23T23:51:06.573Z", "ativo": true, "anexar_imagem": "", "slug": "doacao-de-roupas-para-necessitados", "categories": [], "tags": []}}, {"model": "forum.postagemforum", "pk": 64, "fields": {"usuario": 1, "titulo": "Capacitação Profissional para Comunidades Carentes", "descricao": "A ONG Futuro Melhor oferece cursos de capacitação profissional para moradores de comunidades carentes.", "data_publicacao": null, "data_criacao": "2024-07-23T23:51:06Z", "ativo": true, "anexar_imagem": "", "slug": "capacitacao-profissional-para-comunidades-carentes", "categories": [5, 6], "tags": [7, 8]}}, {"model": "forum.postagemforum", "pk": 65, "fields": {"usuario": 1, "titulo": "Biblioteca Comunitária", "descricao": "A ONG Ler e Crescer inaugura uma biblioteca comunitária com livros doados.", "data_publicacao": null, "data_criacao": "2024-07-23T23:51:06.581Z", "ativo": true, "anexar_imagem": "", "slug": "biblioteca-comunitaria", "categories": [], "tags": []}}, {"model": "forum.postagemforum", "pk": 66, "fields": {"usuario": 1, "titulo": "Grupo de Apoio para Crianças com Necessidades Especiais", "descricao": "A ONG Inclusão Já cria um grupo de apoio para famílias de crianças com necessidades especiais.", "data_publicacao": null, "data_criacao": "2024-07-23T23:51:06Z", "ativo": true, "anexar_imagem": "", "slug": "grupo-de-apoio-para-criancas-com-necessidades-especiais", "categories": [3, 6], "tags": [4, 7]}}, {"model": "forum.postagemforum", "pk": 67, "fields": {"usuario": 1, "titulo": "Incentivo ao Empreendedorismo Feminino", "descricao": "A ONG Mulheres Empreendedoras promove cursos de empreendedorismo para mulheres.", "data_publicacao": null, "data_criacao": "2024-07-23T23:51:06.589Z", "ativo": true, "anexar_imagem": "", "slug": "incentivo-ao-empreendedorismo-feminino", "categories": [], "tags": []}}, {"model": "forum.postagemforum", "pk": 68, "fields": {"usuario": 1, "titulo": "Ação de Saúde Bucal", "descricao": "A ONG Sorriso Saudável oferece atendimentos gratuitos de saúde bucal em escolas públicas.", "data_publicacao": null, "data_criacao": "2024-07-23T23:51:06Z", "ativo": true, "anexar_imagem": "", "slug": "acao-de-saude-bucal", "categories": [6, 8, 10], "tags": [6, 7, 8]}}, {"model": "forum.postagemforum", "pk": 69, "fields": {"usuario": 1, "titulo": "Projeto de Reflorestamento", "descricao": "A ONG Floresta Viva lança um projeto de reflorestamento em áreas degradadas.", "data_publicacao": null, "data_criacao": "2024-07-23T23:51:06Z", "ativo": true, "anexar_imagem": "", "slug": "projeto-de-reflorestamento", "categories": [3, 4, 8, 11], "tags": [3, 7]}}, {"model": "forum.postagemforumcomentario", "pk": 1, "fields": {"usuario": 1, "postagem": 32, "parent": null, "data_criacao": "2024-07-24T01:21:09.337Z", "comentario": "teste"}}, {"model": "forum.postagemforumcomentario", "pk": 2, "fields": {"usuario": 1, "postagem": 32, "parent": null, "data_criacao": "2024-07-24T01:21:13.200Z", "comentario": "teste 123"}}, {"model": "creditONG.credit", "pk": 1, "fields": {"user": 1, "balance": "9303.31"}}, {"model": "creditONG.credit", "pk": 2, "fields": {"user": 2, "balance": "48.87"}}, {"model": "creditONG.item", "pk": 1, "fields": {"name": "Gas", "price": "23.70"}}, {"model": "creditONG.item", "pk": 2, "fields": {"name": "Gasolina", "price": "76.45"}}, {"model": "creditONG.item", "pk": 3, "fields": {"name": "Comida", "price": "78.97"}}, {"model": "creditONG.item", "pk": 4, "fields": {"name": "Roupa", "price": "35.39"}}, {"model": "creditONG.item", "pk": 5, "fields": {"name": "Material Escolar", "price": "38.56"}}, {"model": "creditONG.item", "pk": 6, "fields": {"name": "Medicamentos", "price": "11.95"}}, {"model": "creditONG.item", "pk": 7, "fields": {"name": "Livros", "price": "13.01"}}, {"model": "creditONG.item", "pk": 8, "fields": {"name": "Produtos de Higiene", "price": "79.94"}}, {"model": "creditONG.item", "pk": 9, "fields": {"name": "Brinquedos", "price": "94.63"}}, {"model": "creditONG.item", "pk": 10, "fields": {"name": "Alimentos não perecíveis", "price": "11.90"}}, {"model": "creditONG.item", "pk": 11, "fields": {"name": "Roupas de inverno", "price": "17.07"}}, {"model": "creditONG.item", "pk": 12, "fields": {"name": "Roupas de verão", "price": "39.30"}}, {"model": "creditONG.item", "pk": 13, "fields": {"name": "Sapatos", "price": "95.63"}}, {"model": "creditONG.item", "pk": 14, "fields": {"name": "Móveis", "price": "97.62"}}, {"model": "creditONG.item", "pk": 15, "fields": {"name": "Utensílios de cozinha", "price": "62.71"}}, {"model": "creditONG.item", "pk": 16, "fields": {"name": "Cobertores", "price": "74.04"}}, {"model": "creditONG.item", "pk": 17, "fields": {"name": "Travesseiros", "price": "91.30"}}, {"model": "creditONG.item", "pk": 18, "fields": {"name": "Lençóis", "price": "17.83"}}, {"model": "creditONG.item", "pk": 19, "fields": {"name": "Material de limpeza", "price": "27.29"}}, {"model": "creditONG.item", "pk": 20, "fields": {"name": "Artigos de papelaria", "price": "20.87"}}, {"model": "creditONG.item", "pk": 21, "fields": {"name": "Alimentos perecíveis", "price": "62.09"}}, {"model": "creditONG.item", "pk": 22, "fields": {"name": "Produtos de beleza", "price": "12.83"}}, {"model": "creditONG.item", "pk": 23, "fields": {"name": "Acessórios de cozinha", "price": "59.42"}}, {"model": "creditONG.item", "pk": 24, "fields": {"name": "Ferramentas", "price": "77.28"}}, {"model": "creditONG.item", "pk": 25, "fields": {"name": "Equipamentos esportivos", "price": "16.05"}}, {"model": "creditONG.item", "pk": 26, "fields": {"name": "Produtos de saúde", "price": "89.24"}}, {"model": "creditONG.item", "pk": 27, "fields": {"name": "Itens de primeiros socorros", "price": "39.60"}}, {"model": "creditONG.item", "pk": 28, "fields": {"name": "Eletrônicos básicos", "price": "91.56"}}, {"model": "creditONG.item", "pk": 29, "fields": {"name": "Itens de jardinagem", "price": "10.85"}}, {"model": "creditONG.item", "pk": 30, "fields": {"name": "Artigos de camping", "price": "45.79"}}, {"model": "creditONG.item", "pk": 31, "fields": {"name": "Instrumentos musicais", "price": "53.79"}}, {"model": "creditONG.item", "pk": 32, "fields": {"name": "Cestas básicas", "price": "81.63"}}, {"model": "creditONG.item", "pk": 33, "fields": {"name": "Equipamentos de segurança", "price": "23.27"}}, {"model": "creditONG.item", "pk": 34, "fields": {"name": "Artigos de decoração", "price": "21.29"}}, {"model": "creditONG.item", "pk": 35, "fields": {"name": "Alimentos especiais", "price": "14.45"}}, {"model": "creditONG.purchase", "pk": 1, "fields": {"user": 1, "item": 1, "date": "2024-07-24T02:19:22.993Z"}}, {"model": "creditONG.purchase", "pk": 2, "fields": {"user": 1, "item": 2, "date": "2024-07-24T02:19:24.951Z"}}, {"model": "creditONG.purchase", "pk": 3, "fields": {"user": 1, "item": 8, "date": "2024-07-24T02:29:17.653Z"}}, {"model": "creditONG.purchase", "pk": 4, "fields": {"user": 1, "item": 9, "date": "2024-07-24T02:29:18.874Z"}}, {"model": "creditONG.purchase", "pk": 5, "fields": {"user": 1, "item": 3, "date": "2024-07-24T02:29:20.302Z"}}, {"model": "creditONG.purchase", "pk": 6, "fields": {"user": 2, "item": 2, "date": "2024-07-24T02:54:54.015Z"}}, {"model": "creditONG.purchase", "pk": 7, "fields": {"user": 2, "item": 3, "date": "2024-07-24T02:54:55.919Z"}}, {"model": "creditONG.purchase", "pk": 8, "fields": {"user": 2, "item": 6, "date": "2024-07-24T02:54:56.963Z"}}, {"model": "creditONG.purchase", "pk": 9, "fields": {"user": 2, "item": 9, "date": "2024-07-24T02:54:57.703Z"}}, {"model": "creditONG.purchase", "pk": 10, "fields": {"user": 2, "item": 5, "date": "2024-07-24T02:54:58.424Z"}}, {"model": "creditONG.purchase", "pk": 11, "fields": {"user": 2, "item": 4, "date": "2024-07-24T02:54:59.153Z"}}, {"model": "creditONG.purchase", "pk": 12, "fields": {"user": 2, "item": 1, "date": "2024-07-24T02:55:10.824Z"}}, {"model": "creditONG.purchase", "pk": 13, "fields": {"user": 2, "item": 9, "date": "2024-07-24T02:55:14.187Z"}}, {"model": "creditONG.purchase", "pk": 14, "fields": {"user": 2, "item": 9, "date": "2024-07-24T02:55:14.660Z"}}, {"model": "creditONG.purchase", "pk": 15, "fields": {"user": 2, "item": 9, "date": "2024-07-24T02:55:14.894Z"}}, {"model": "creditONG.purchase", "pk": 16, "fields": {"user": 2, "item": 9, "date": "2024-07-24T02:55:15.224Z"}}, {"model": "creditONG.purchase", "pk": 17, "fields": {"user": 2, "item": 9, "date": "2024-07-24T02:55:15.409Z"}}, {"model": "creditONG.purchase", "pk": 18, "fields": {"user": 2, "item": 9, "date": "2024-07-24T02:55:15.758Z"}}, {"model": "creditONG.purchase", "pk": 19, "fields": {"user": 2, "item": 1, "date": "2024-07-24T02:55:18.738Z"}}, {"model": "reuniao.meetingrequest", "pk": 1, "fields": {"user": 1, "subject": "teste", "description": "teste", "requested_at": "2024-07-24T02:42:33.525Z", "status": "Pending"}}]